72095546c1d4aed74d032ebfb02053f8,377e6030ec36f1cad3e00ff4a47664e4,923616000,4
4578cd9ee38780776fb70e1756057fd3,03d317f738f39d12ec87005ba64a188e,1102464000,4
c108529da3a11a7baf15ce4a67326a80,cfca9eed31d7fd9ad07be4e0d4078fef,1128816000,2
718f22c3ca28f840595180d9766965ed,2bebffec4e1380152b4e6bdf64147570,1295049600,4
bfd981fe5a4deec92723757932a8ec3d,ae8149ddb67323573480a798fae4c080,1170288000,4
1d76b31d84354ae0c68db664ef1dc513,7c3ba232811583812ffc84913c10e1f3,1095811200,4
113d0b3b7be51d69ec44ed222dc06491,3221a1ca92a1a67af0bf73ed453558ef,1207440000,5
18d572c1141b0976b23518bfb4c3d586,640448cf110939d8eece8e1a5747f11c,939081600,5
ed9adb183ecb184969099786b2e16d8d,b2e8ae222b27e77c570cf3d3c2e24b61,1323043200,5
5a3543453621b33abb98d78b864fc471,b3f54a70a4641a503b8724bc0d77aee9,1336867200,5
19b83fcae2604aa597c2ae9602f9aaa6,0848337017efd202d63da358b4d4eab0,1269648000,5
30b0631d174a1541ca6c118665f968ec,26f215cc6dc77c71e36387055f1f5513,1349049600,5
3745e0e339f64c9fb02d36799c38ae30,fb1b220d077cb97bb9950f81c3fa8fe5,1099785600,5
9b1b1dd3320fc7b1817b33ad5c5b07c8,7920af851c311283ce4f5252a3f60ebc,1008374400,5
9cc04c359cbe1b6384c677993f6b1ea3,6f634474969a32f0e5bcd0a1c6192e07,1031875200,1
2f679752dfd30e9c99e566ab5e1f2f30,71a15a56bebd4283f0f0a098fccbc3da,1297555200,5
90c08d6546f1e1fa65e1201556ca3283,86c9b078c6ea0baea2b1e34ed4217610,1286496000,3
4757dd1ef9ae10a9871570e259d28b9a,ca89aed58bd4f2bdb12afc766a9af427,1234310400,5
cc960e11240502c673156feb59284dc6,1e8e9383275665ef08c3c3c68578fea1,1223424000,2
0c893aabd770cf1c85e59f59db7a5250,3221a1ca92a1a67af0bf73ed453558ef,1170892800,5
d6833adbacab24f421c7864c64f86e8b,7a9b96238b77bd1d4ce90d90789323ba,1044316800,5
d915a64d8fd3f0504586b3fa834e6b7a,b9589ff9721e161ae88f394994275032,1243036800,5
27ce40be531a5808895b53293d9e1064,27889af3631cdf55090c60309cb9656f,1185753600,5
a1f77dd02f7588fa8342a4a8d5f730f5,4367b74e637e3bddfa52df9c9c0d3209,1293840000,2
58bde3cfe27d36a1e63320d49c60bfae,9127edb43bb1e8de824e1dce0052a554,1191196800,5
fa823fba772e9259d691da42eabe81c6,de10422d08fb05db138b4394a7b99af8,1313798400,5
54c874cd173d30814dd91dac61371f9b,d2b39bd14908571a732e738f2de67f92,1140134400,5
c5dcf6f7acdae02838ae1f887cf91066,c228f5c40ab6579e04ff366040c90ec6,1239753600,5
c233e22a5c80be642f8fae0fe18b2ae7,7bf2c1f4cf250a0b8669f7d315b34e27,1272153600,3
a759f64e21b8cc7a5c65e5f427370a78,55a52801df054abda10c7ef5e2aaa7e3,1204588800,5
2e83c99fcf7f6adb3249e25ff56166a5,7ab0a12c3b0db767de788260e7902c3e,1264809600,5
abfe9051d5a05484723ce5a396e023d8,79a12787afec8ed79e7f35417ffc0aa5,1135641600,5
36e5a2e4cc5b62d7bcc5012ff3c5193a,4a939c67be863c759d6ecddf283cc322,1126051200,4
fc5a59259d4b30cd123aa10cad627455,2d23e4a68282aa67bc25fe90e22dbaf6,1237507200,4
3648d4d71ca5795b768d3fa4d9045561,2b5080067984d9c0436d8eeea5e68066,1240185600,5
acb99371b0d95ed6276d911ae93ade82,b326ee90a2f5acc6e738f48264ca2782,1206835200,5
ea92b02889b30fed66067eb9ad4f36c7,cfcd1813b519edc6d8cd56ae3530a889,1123545600,5
e7bcc28809ace280e46b2b3dc08b839a,40eb55a45dfa2069afbd97e7d9e14809,1239321600,3
a26fb23ebd719d70cbd4885e3cf234dd,66eab114adcb27ff38c79a98bac40248,1198454400,5
e08fc2571c1bb5797252db293415d97a,44b6987ca40c597f5803e02e62d284ab,1168300800,5
db534ab7d10af927c59cce3fc3a31454,4d2b2aab0332449470a7e46369ebf06f,1053993600,3
f79338bf748cc14c1f68a33562b8a216,d55ac3e4ce580ed1394fbf9e2654e8eb,1273881600,5
f650ecf57b840816cf729f972bacf4eb,1fef94c552586c54f19d80b9d6a320ec,1320883200,5
1872f9c56a142cdc457246aa79afd4a9,c450d5297ee8692a8fd4f1c1884ac6fd,1129680000,2
d5f4708dc0d563681bccd0418d1e11ed,8bf2c27bf91599ae734f3a4809d77a9b,1293667200,4
51ebd46bfc3a4b7413d489979bc4c053,83ad5a66b3691616d252e8df00cede3f,1107993600,5
0bdf0663f3eb304be56106922c6935e6,f283fba24a387f2180fb08973a2d53ea,1211500800,4
741c28344994f8cd6bb4916fc29c6856,ae196cc115f8ee18500a3e4be2fea590,1105056000,1
f8ba7dadec4ba7024b0fcdb13776af54,2ee7e3306007fa2529d9f65754260514,987033600,3
44e1f6db1e9038d00663b6597028b79e,4330aab59a51bb64ee5961db8a313a86,1141344000,4
bea5fea5d0e16c96c29fdf0d9a116392,95b3556889b2fccefa1ccf692cb5b184,1138924800,5
68e3d2c653da84ab4501e4900ce4384b,7c6b00d1c38379d3c32ce816feb6f5bf,964483200,2
f42313833496d32c4ddf328c88c2f83c,65275386d26f45f46b5cc5eb12086e9d,1269820800,3
b137ad3b1671ccd9f4ea7b3f6495bbe8,03f80c1ffd87148fbb9f7a547910bc07,1225756800,5
8c0d0bf041b4912789c3fb60abffb197,7241bc32965a4cb83dfc79abbfb4e4cc,1289952000,5
f7431891fd8072ed273da845779b130e,cf0d5e73ec3f22570fd5b54482aab543,1284595200,5
8852234c5cc819b3d79362d14bc26db7,f37e9eb0902ab25fa0c8854b662a0810,1125705600,3
e04b427c9fd084d4ada8b9ec94d2e744,3579106c58520f03bfb441c0200571d0,1035676800,4
b3a82608cd2c6596c38bc6edc4962ce3,818b7c840a49af13058b8a97af45c57e,967420800,5
5caf93ad7e014d2a1e2239bf2b48023d,d2412bca30b537c86d0bece69ff1212e,1185580800,5
c8b928d700b56108d000a04035e27bb5,03358ffc49236d2930c9479263e8dd4e,1235952000,5
19a8e44409c7776e29d03f3858f9282a,9bacaba0fd9f411b740987b55bea7bfb,1073260800,5
ecce17ce11415d8ce5a3e9671c1da59e,8a6a160b72e8068b22b12dcdd70f08e1,1060905600,1
487ed5209143186e741d3a4c63453e79,bd781140ca831084ebe31b806359570b,1140739200,5
25a58d357454d490e6eff472f43075d6,79c36e4133797fe2c6dc25b9692ed47c,1269734400,5
fe90819a6a869f50c912a42412579dcd,91c8aaf871b0e7093a8c40d2a3b5b019,1151625600,1
ba4e9a321c1d5b39a878c17fad1aae55,415fbd7e5bf75a32fb0d56f53e3c3474,1329091200,3
b2342f42b171ac60606587e49019e36c,2112091731e973c635f7381e53de683c,1242777600,3
cab01def137746dad0c0c62cd4b91fc4,430ab587a8c115d4ba956647169be48e,1339632000,4
184b81fff077b7ded8776997f09aabc0,84cade1525511d3af299993f03cdc106,1338681600,1
05b1c8b22f25fb5e59b65aa1de26e9fe,53a3beb3797fd55c4c3f7078208c3b43,1315699200,4
a926f371e91389c1d8ec888344fbe734,4719562af0191b813407232cf54324cc,1198368000,5
9a4de56b12dc8fc6caede1506b9dc32f,f5122278cff22b5163ab9e078515143c,985046400,5
f78381c91d72718d191d67ca7f02134f,1484f75da1ddd9fb3fcae5fd06b8304e,1187136000,3
91d5767766626571ad66f78fd4718ee2,2379df2d99c86ff5f3a10773f24f5a3b,1290556800,5
4df112a92249abc3b6371eb4164fdef7,df0250a6b1084c8f4db4880cedf777d8,1240963200,3
b0a1f250d9e1ffe9db987d0ca377bd7b,3accc4dc1b06e43ec13988ea1fcbc852,1017619200,1
c21e1033e0a7132d354489ce40542e04,d15602e3aa113b1445da304ba7408580,1280102400,5
7f9e809b6c4e449b2aba10c3d63230f1,1c796a1e8c6288d47f52189122c4e53b,1106784000,5
83af31e5da83b27f94f38d325ca1b19a,b81319ced1282afa542a32cfe52b8b44,1263686400,5
bc46b03aab97b902790079eea4545bd7,b33c782b5babe917e501aa7e3cd1d9d8,975369600,5
bd760f049581a5e74f7edb57343032d2,abf9ba0c4225963dd418ad6f6051055a,1168473600,5
46f5b22c00169e916067804d5938930d,64683e495ff37ef74dfdc39ab6417e51,1161475200,2
e44dc2f6068d2822a1a72b17f8749967,7f37eedf314c8b448515c776c345ef41,1237507200,4
a0292eb166e873af4a04c6ebf9dbebac,2e2c70c1ad14d4b692ce4c355c8662a0,1207785600,1
a3893d34b6b75ffa153dd928b68ff78c,fa9742d3bdc53cef07e1c8e5c8fbd67d,922579200,5
2f83e9adc2022ee30f3de9fcb91466c1,cb9174597c77e4338e35a74d082a34d0,1278115200,3
c924f28359e2e00c99b647d5ff1fb0e5,faa9883f0c30b8f19d7d5035a303c46a,1297728000,5
f616198f24b999e7fc05a78479ca60f6,8e90c5d1e3fe0032274b17fd4f5c591b,1270512000,4
c797b911f39c6fe6f94a4b7a8112d8b2,c5243a8d0e6835f2b665692086a3d7ef,1338854400,5
c2f04e3460ee521adff52f1f7641f95c,1d163b165fae657ef5fdd006964d2803,1239494400,2
8dcd389ecdbced6fdd5729cfc13ba416,9a5400d9a6081d0bc162edc79c9cbf7d,1200268800,5
493b269211fb175515d27de911825597,7246a862a78c792ca9942ded936a6aef,1299715200,2
8152e749ba7218767b2935684bf29f8d,80fc9fc7ad9d50658ff1820dd16898d9,982454400,5
0ca50e835bf39a0659cc36b6183441be,4683efd4fcda13624be9b20d8d9ac528,1343692800,3
ba3574be17dc7a902dbb479abfefba47,b2293e596189513afca147086aa6d025,1333843200,4
9c3c2246187d331182d0099eb8663b6c,f3a490d1347ef80c486005ad305d4ed6,1267574400,5
b0b1f3ee9ab79729f940addb1fb0a20d,bbe931e80a4366721d4b92135fc037f9,1200441600,4
10d9e42056a5508e94a022fc99fc9ba7,efcb6e6362c010dfefc81d1c9aec747b,1301788800,5
eda75da3b665bbc400e35c695576413f,125801cad6784cce56e98d6179e93631,1188432000,5
80a128888e7a84befb2dbbd808882338,ccde241079d4b869aa2fa99c47bb9f1c,1238457600,5
922c7f4c3dbee05b6911c1ef3099f591,5e44bb98422c41035c8799d51bd5b90e,1121212800,1
e49f5f0eccd049478c75ed7e741d14ce,ec38c5171756753e12eacb5d8487c60a,1286755200,5
c3b877d5cc52611dec6c1be7c09f7d14,23e8947fb65f77501773806cbf2b4bf1,1102982400,3
4d11e0703613306fb844fffb4e7b61a3,11f3bb96a8be9ab132731fc35bd99cc1,1323475200,2
3a6373ebde2ce5962ca5356bdc147b51,8e974d3c115ec0c21f5f6c943a8d2ceb,1169424000,5
8c1eef26d343ef660497dfc44e7556f9,83502d42c46d39b4d17e481b65676204,1086652800,3
7ee3d3eb2e748ba2e86805864d5d4e37,00ce7303a61fc47f0e4afc5cc3baf898,1296172800,5
ec6b76b9a3aaef5fa38bdf685547a24d,88277686b3ef6f5a352b64e6098abd1f,1346198400,5
a0dcd874911720ac443c4fc06d9d42c2,e1d70d98baaafae6fa25457dbf9e5058,1221523200,4
702eadb30bb8cb61e5719afd4449c030,3948240f02cbd29ae96784937bc3dc55,1118275200,1
d85b892ed3b35fd1411ac52061cdb8ef,953f187d459c5a32f815d766a5698869,1264377600,5
d80b4c9c1a06df633932da96458cd810,450ad8bd767c1677e1490e9e17a88ef6,1276819200,4
111633bd2d5173108445ba7c1dc89c91,ed846ee1eb8a9f05cb7812f175e632b1,1178928000,5
8f03c98f96d8293935dc1229a3aa90ae,1a4b9f2493c5dd2d942dfc46c364206b,1271116800,5
14bf653c405c0606a6976d20c7774e30,dfb012984049a7f3477406b368d2f59b,1128643200,1
f3af8b5604f68f6db9e304a1c2c4d987,d20f9101e94ab71d720145cf9a628e66,1101427200,5
22440368eb3a24ae3abcbc67db2cbf3a,5734c82e6ba6f3a34d430ac07b87199b,1124323200,2
27f785d5fc2e168497857e65e9be8d33,23d9992b4ec761330941ba1004aa5ea6,1347321600,5
1daca708cd853e089dd5f86f3de0f81c,e5ab457b619a80886c86d164f6af5930,1128556800,3
b956ca7bcfff741ee49855e2fc8ac942,c5181509d6587d39809313377a7a26bd,1308268800,2
37f3ed2403f1018009237d3f47238d44,322e2eb6749f79539ddc9c865910c06d,1198972800,5
b2b1e164c6373a16896430297deea8cf,913b28aa7ba865340f1208c9122be9f9,943747200,5
c49487e71d4fdc2a51623199d013eecb,86568f3edadcbea58f61485f7d7d7f2d,1084838400,2
3183841a6106e7ba4b082757e116da24,cd14ece5aa683c4e6a6de4afcff97ed3,1164326400,4
b80e83a4db34c0c3cf23755cd3cd0749,5800473f5886ff53e9549a75b3b91896,1200528000,1
e91b77e511ee893e8074d09ede128b9c,9158bd920539719062e5eb0f0405bd51,1088035200,3
73c0bdd71ef81117e85b2f5be1eabd5e,9bfc8227a701245704f9bb1fbec4a9aa,1141689600,4
1c5d4408b1726d1d6c1dee5252ecfdf7,55dbb05050284ea3c1764ec1754d8526,1201392000,3
34334730d498e88b9de49d762d838ff5,de519765a63f0fb0b9753696c8787093,1194134400,5
66a0a557f35ddfdeb09a5bd2e421bc05,e909930702e9effb03c06618f11e07d2,1149033600,4
11e35e4cbbd77719502a0cdad0f5e856,11c817b8a36e094e1d857060cfcebe7c,1140739200,3
494011c49e71e3243dc55b93405299a9,44fa2d12f63f3daa0ffa5fbe27e30de0,1295222400,1
e9e5608010822c7254ad63b56849c245,6c61a489c7d4a84c085a01a2ba617ee3,943747200,5
98328c5c46ea37dc4c4e7f4caa313721,1b19a1b985370260e81e15e84b1b4340,1081209600,5
047f7efa70ee077e22d61b6733f73473,7956b6d732191a483573e6bbb1834891,1295913600,5
0452044d25b247b530f2e0bdb35da3c6,8c299c0f6bd5cfb317a6806a26d35a8b,1120953600,4
5373220ddae673e4c2e3c5cf5f8e2f1a,788ad682b8f507a3e53dcdeb10dffd8c,1027209600,4
0a17bb2a0f1d1228699031d3243b1984,df25b01d3722e3a20d24d31d005d0d7c,1348358400,4
0184aabe2be353fa341ea14b563dadd2,565ae628754f132fa772f2cfbcb19818,1304985600,5
10c9cdc8929c4251fdc9f210f7338957,f37e9eb0902ab25fa0c8854b662a0810,1163635200,4
5e6c6c2bb0d32eff9a52d00286247e40,e348dc06fdd2c0d8dd69f2faf5e3b00b,1336608000,5
553aa1c55a49cc679cd15ad1d90c348c,c91c70f09933547affe01afeb7750e74,1136764800,5
d1496a09525551783762ca6cef7085d5,ccde241079d4b869aa2fa99c47bb9f1c,1277856000,1
32f5979bb6b1e11ecde8d32b357bbf15,cc0697a861db507e09bf1403892150b3,1217116800,1
f1e8fb545edeb538fcaf9039b6882c21,0ee2cf11c68b973df2083c55c4cbb1ce,952128000,5
40959b2d27e708465fc66af715a0357d,2930c7f1b3526527a59a786eac8e614d,917740800,5
e1d034ed02a81dfaa1f6ae9a26bb7b42,4042417899db4876af3341bae69d79c1,1111881600,5
b48539010a50a7bae48cb5e17b055087,39f0b63a9dd028fac65b81c9b2286891,1312416000,2
be12dde3906d24bb5d9d4ddfab9457eb,0587207f285ca8f5fbe68463c0f439ae,1031616000,4
7cb65537d60a955d2709e02e3d7ef240,ec30a6230695d62f3425f6412caff321,1107734400,4
dd0a12abff2926f965746f94ed0464bc,4408013f90a9b3cf03f8d90300d13384,1188518400,5
43d2929389467635de1539e53385c2b2,64f8467a4cd1084cb2d666ff67fe38de,1284940800,5
f2386f02bd9d7226e1941effef6111af,e906306ee7102e9e2a6abfbc29ecd810,1202515200,5
7b9027ce47562786e1cf8a698a84f884,bf4577c1564d3d15ee257553d0ec3ce5,958953600,5
f3653f626d5bd187d624f75fbfdf4626,96bfab8c786794019c2070feb556a4d3,1248480000,5
41b7a394e7d079905b341b3d21efd1ed,c4904456d6a629467cb35d0a129d6c00,1131408000,5
f82308ed5d49255f3d5c06dd5c4f447a,c78ac816b0042121c73d63da9a0e7841,978912000,5
0c06675f8d8406793ccd3e795d3fb385,038075d395e288b53eca594fa183a9ea,1323388800,5
e71fe73a40c219b8e654e0d382c62cae,79ddfaf3bd608675ebc8f6657cc4c840,1242691200,4
b4622948171e12a151684ab9debc00d1,48980a2e5c1604149f1fa88f650db3c9,1311206400,1
26d7014185a022360612cf41b3891d2d,baebac7b98b91188e724bf744288b839,1151193600,3
02a29029497f721cea5e8c935aae9204,e08da58ac6fd96cee5688e8280c19e05,1240704000,3
3ad0c0e461fc2a5d57fb4b3faf0168d9,fb428f186e18ce14a3f5d6dd841309c9,1287360000,4
bccc23c99a862c21685951a3fcb5364e,2174bd865d593e3c4dc01ba8f922e39a,1267228800,5
43d0d7e8a972f4245c7ca2ab655b8b63,845b18e5480db78b89dafe5394fa7937,1304899200,5
afa643319f9f503df48f14d9c0a011ec,4db94dfab49991c0b73af2df2c439592,1175731200,4
fe8b0e034b738230ba2c189332306a17,132ef5cbb8557473ed6ecd3211fe7149,1235001600,3
2bdbe1bd3fdaecdd280838d4a48f16c7,e150c96f926466857e4c3b206c745e95,1325635200,3
446532a94767b4c0f29de2e748a6fc95,61efafe2ab6e921e196438ed00636f05,1181606400,5
b73353f2af924195ea725494e9d1d625,a2b8e829d1f3d3326454b1e5c12248bc,1237420800,4
5a33a89b9c5366a2b23a3edc3fdddd14,bc8a905daff8de64938d8f5fb100176e,998092800,5
7eb3c95ae7817dcbdcfffbfaee8bf705,788ad682b8f507a3e53dcdeb10dffd8c,1011916800,5
0ab412c2a7e151e6407c3e3feccd1265,3865826f759cc2395a70844f8e1877f9,1267228800,4
d556b6fe0dfd1cdac5317999cd399a55,b6a908b91dcafbab9c2d70cde678a8ee,1140048000,3
042f574a84a850cb4548d07e1e57dd42,7682d5d153cbb2c11789911fff756421,1349049600,5
40c039718aa35e4815bb1b158b87dbb8,34e9d86e9aa53c767a31df23b4f628aa,1217289600,5
090b742ab65e765d1d7abcfaab775bd2,153848b0350bfc3fd7b480b88211ffe2,1272844800,5
27e0d6290412eb198c4d5f286b755285,355eacd1258cc9e90a6ada0b29fd3277,1337990400,5
3a74d49e9fa7b2453c231f47cc5e92f7,e085c947eee5866a1132acb2f57c69d2,1167091200,5
1eacd969d5d67f0f999293e44e1762e5,d76658d38f30f7467c49a46c8c649a6d,1116288000,5
f6e2098114bde88a8b778ba62acc7665,7af0529720538c536a70b1160e5e7dbf,1350432000,5
b582ac52f2b30611398f512aaad9c7b1,4898461c71147370273642ee66eb2de8,1163203200,5
c1226fa6999e4b0712aa45aa5f91d272,f5744bd946b5e6bab2f9abab299250d2,1145059200,5
e8ab37418bcccad39c931df447e08d0d,8c696027741499a2fd804dc833674a1b,1286582400,1
8d7cd746137022e18b0bb3cbb7176fae,ccc31562520a59a0b4edb5aec1a22a14,1303862400,4
81a1956c09da343dd00a7b12165265e6,43790ef6b67923f0da8104c43618424a,1200096000,4
b0c68c9db59293fe0980c2fa5834712d,fc3296d3e97d430d617513bb835673ee,1268179200,5
02f65762b1ac377649ba34fb692211bf,8f9cdc1c4f28bfd6b06324bb840529cc,1138406400,5
47509b66b44d0e32b59922678b64cdde,b69bedc7f0bc12627bd4216733587d34,1341187200,5
5b8ba449a56ed6916b33f69b6f74daa2,a7f82179f64e4e5ca9beaf39d33bc184,1293926400,3
2d8c00d3298055f79cc9c98f82dc83dc,eb123cec8d0026f13c668ec16171e50b,1175472000,5
1d218810914832ad6a8a0adee3946024,90cf83dfe7c4c93b8255780860683daa,1084233600,4
8e9e5e0e17baa98bfb473f045a7d6a45,a4f020d7274c423be672998c7fdc183c,1223078400,5
be74018ba1e62c7f82a5c34c03db68bb,94019cab0a7c2b4f969605448d099803,1289520000,5
75044c5dd103a8201faf2624ff544985,7c0c4ceb7963994d598ef7bebea4c37f,1344297600,5
bc7f305b5b9f7c8e15bf64cd73637b4f,815fde50269f569293d3f09b285ebaa7,1060992000,5
70e30a124fe6baa81c5d6fbbf0aa2bae,919c1913dc1d24cc5229340783383798,1136937600,1
332c6491813437d62776c70f985a2f0a,5f4d6a4bd83379438b7a9e571a99eb7f,1155168000,4
b617457c41f09b3103d6ee18779dbd9d,c2c1d9273afb3b9986d35f75890f9852,1278806400,4
95a9cb2a5757299517b5210f3588cbba,805ccbd5c44faee7efbfec6f1cf1a5b1,1141862400,5
dda8e36615d896a8a6052ae0263a0f84,c282151b3cb7fca095ac2d801dba2618,1167004800,5
27356e2a22584e10f918001aba0c2e09,f637a722eac0f10f7441886e30f26ab3,1222992000,5
e78412de9714da24aeb6ab6db08301a7,f60cf8cf2bdbfee1183ed52e374b4067,1286409600,2
459172a52e1659b0ac81d626155c037f,ce8b54e3a69f1591c7d73987f14b20af,1171584000,1
43125048f0a68a727e882585239919cf,680c4572e5c69eeabe8ce96fb2948275,1117324800,3
3d11d01bf91e3a49142fa58d91c7e65a,91504945552884624951bc2d067e69e0,1266796800,3
99b384a025431bc790eb15ae65658856,1c9d41cff673745aa027ddb07e795bec,1205798400,5
5acd0480eca9ed4daae5359d5d9937f1,6718bcf66c9a0be37b74ec048e02f6d8,1207353600,5
74b07d06d2ca8b0831bf067c5a6d9a23,7693d1429594e6366b6a0ee02329838b,996710400,5
56ce4045c8dbcb5ed488926bf6f424ed,29ffb09c78f7800cb20ad4e6cdf1ab22,1302912000,1
07148ac5c550076f9138cf746c07ad48,55fa3fafb2a4baf533c3bebf2c9ac15c,1209168000,3
3718b34bdc0b79f9d3e2e79e6370e5a4,7034a8f50f90ff746187e67a0f8f5186,1002672000,5
1e30602ef9dc9342cdc9123c9caf40b0,9b798cb9985e96c9beac32cad59b4d89,970704000,5
66b5946c307f7607d6670a55c90ed51c,df402991569a0af4f7721826b7851dbf,1064793600,3
62c4eb6f1dcffdd0160ac0f961ae2199,760ae1d70da1632062bcf85940668bc1,1328918400,5
51c5d999450bf54a517a2dd2893a922d,4b41130f5f128bfe0e26159b42c1db58,990576000,5
582cbe75288291deee228315eaf9ff0e,0dc0cc29a83634588796b4495f78f8d3,1170892800,5
b7310070f764b6d6961186ae0f532b9c,0fd5659c369df905da841441dad2d584,1275696000,1
356e181671db7d963f811670d7596c81,b79db845c6dcbf369a4dd5d958fc306d,992908800,5
0dceddb6ea198d55c81dead065dbfa56,4719562af0191b813407232cf54324cc,1086652800,5
15677b704c0e33068962c4dd7c1d31de,a4ae0aae55188bca9913c295a24d7610,944611200,5
c6d3e2a5966458aed20c052a8efe5ecd,5f45baa1c84d23668e37bb1fa116ed9e,1184544000,3
087fb98e73b4791bca3a298cb751a92b,df89fbd25c000b0759d39849af27bd3b,1140739200,5
c9c167af242a1936187c3906461c2ce5,29d647352a35c19dce8999844cbd9ec6,1228348800,5
673dcf025e91450ef8cac4bcb5ef7d6f,71003cfa5fe6001192d7138b90792df7,1129161600,5
aa3adb05489f6595dd85f78c90ad5979,7238f59202556fbd0eb2e98a3c68c3dd,1097452800,1
f6db613db3c4e3c78ddae0d799cb17f6,11e5f7c19aecb92b956855f7d1d1f458,1060646400,5
35da186480c0f011be9c2e6b3125f461,c160c062d0397ded36bcbfa14a6b95af,951177600,5
131311f83f021fdbe199306ee0c50032,6aa17f8b6c3dbc321ce8acdb1b83b3e8,1268006400,5
5ab4b81337a85178cd13ea0503105f7c,449e5a6884018a8142880c37fde62227,1148601600,5
dc59dacf73b1be8b6604b2b488458c1e,ec4ac2aceb1cd3956902d79bd970ba73,1240704000,5
a8117daa1432fd62466d11022f76c67d,28128b6e76fdbef83825a7a49d62db4c,1262217600,3
549fd2400614fd1d9071b2a1d1899b2d,35adaeb7533aea58aee5b36909d494ff,1022457600,3
adc871399b2e41b267a1337aa7be68bd,b9a0bf68024ca91e7544c3615e0b3a15,1264377600,2
6f3089dfb4c5ab83e9b35051a4c2da1d,5848af26d0f76a5782463f7fe1ce114f,1348963200,2
94bdabc18f1bdde40ee6dbe28e24847d,670499cf8cd2b7ff9014477eeeae8f6d,1238716800,1
46d6e512a6ca0e62e3bf1065b2625e31,d1a9c9cedb875ac0a5ab40ed622b14ee,1113696000,2
5fc771c66957207086ab6b8df9729a79,8b25256c6f8ef43137662bed1d172afe,1277596800,5
1b9fa77f5104fdfe3ffebac4b27ec408,21045ea2a9f03cd1128d73a053695f69,1350950400,2
335d73f8c2231720722de10ce912393b,dd8dc8b33141b5eb9cfa91b83007392e,1190505600,4
276241a5ef3b767c6b2a80a3601020f4,c56c852fb723ee32cd0e7e26e40b718e,1133136000,1
dd4feea9224108f54183a5b58b92784b,e83bb04d400d60f217a623e086f262de,1259366400,5
b70091cfd8c7bbe3930345ed28ecfe8e,64683e495ff37ef74dfdc39ab6417e51,1239840000,5
e8c07eabc740ced40d493800a5324dff,0cbd140c0ac393431e6c83c2c536b226,1252972800,3
f2579cdc159eef12b2c0112c56d6b512,78c9b14618a44967b0fbd21edd6fd1d6,1033948800,5
c73060bb314ffd84bf31edadffb1dfa6,f390c7fab54e73c4fde0964f8fbfad2f,1206748800,5
50b1419e27184b212fd74e39d1070a38,c1d16034a175b399c332c9345c4f681e,1156204800,2
d8aab5e9615520a5098047e9118628d3,b9c90d9701ac2858b92a7db90532dfde,996192000,1
1ea44a4e957ba91d3db98ddf2847524d,f8567abf748cf5232ef5b50e416874bf,959212800,5
0e2a0b79f53bf09ff78ca199a2010028,3c6caf3d029134ac26a45cd088814bca,1155686400,5
d3df60a3f82abddc3cc96796f4bbc208,7af9aff0bdfc3ab7cf0ba089bc7920df,1129161600,4
f5bd7a7fa81f5720402b8f285d39d073,62dfeb1d228ce5cba6a645dcb48252af,1265241600,4
35b706eda86356a9666578fb9d96f675,3f687e4ff227cbe96e5e62035d2ab72b,1340409600,5
51d7186c36a14451d7de6c67b4a2aa4a,5a6cede5bab985d600d9b4da21dd93e2,1283904000,4
643937bbdc6e585beb07dd62005c68cd,3265deedf47a8e9164ca5d3c2222ceaa,1118361600,4
e46b81c0585ed9ef4f3c23c287b123d7,e07487cfe77ee046ae5a892c0ffa3ed1,1158278400,4
0110ba1f6ad9eafdcbced162078c070b,419d28fa7ed6381b31d2abeb6bf8eefd,1018915200,5
9dbe2474297602a0cf0d566d723591ea,e170c0af394ee52f0e3631ba422513e7,1131235200,2
d1356c33d2386dd4aea4ed71b7c1cd93,f3084441863180fb6a1255bcce19dd5f,1069286400,4
3b30875960ebba922acb2c68d5160ab5,d53c2a4e453f30b6d268f2e40894124b,955670400,3
aea129e52aaa5357c1647ff265627e3c,8cfc4b7be19d2d6931183610ca336eb4,1182038400,2
717dffbb231dd0e5266fa05c7af8511e,ab830c1cefe8f64997671082eb1bf3af,1349654400,5
df85f4ab7a016103e70284a1b880b05b,7bf61a2034baf77f12e143b00dbf6e1a,1199750400,5
ec59d10c41fcde091b3a83bcd95608e1,591f15e9a540d8e7330c4455539e9d5c,1325548800,5
0c99acf91df3bb5a5a282d3aea6c0e2b,5e79833bc42bc3ffad3ac0a98018accf,1032739200,4
abcb37ecdfc54e53c9d3a07034192ff4,525e4f40425a7c9821ddbbd9323e683b,1049155200,1
15a2a3a33d924d06b0828fa67ae1b247,fb98c27c5adb116a4bb2c505ee5e9e72,1006646400,5
747073a27a837ea572ced40a9fa7ac58,6b2c361c4e8ea5f02c7132480f5ada4d,1180742400,5
00c9d78a3270b3f8135a3706bed7fb63,b1bd162f88043a82ffb805d5c3433fe2,1145577600,5
b833705343c02d7df8dbf1c232c9408c,38de21a60431236c0d23e9f46198f889,1166918400,4
bf4713cc8df18f56dcb4dceca750fbcf,3cfc0f57525f71b40230acac8f1c6a43,1197936000,5
1be1e2af5fe263cde379c67ef6c8e8a0,97ae0aff769016dfa5d00ef2bef7048a,971395200,5
fea4504d6750fe9557eb3fb192749341,d8e9a9a1b6a0eb044566725ea5ccce88,1313884800,4
3fb5dc23714a60c16129e6266935acf8,4a78200f41fd26c093c76655d3892547,1252713600,5
5c42f928c12a48f0272322770797b733,e6234c30e4af0f9822ed580f42b63464,1098144000,4
4059f68a6fa3c1fc4f3e267c333a6392,ffb1561effbd2ba7c267ae213c9ef4a7,1188777600,4
4cfae026a39184bc5cfb0db90035edc9,6dc41ec3404880b49bbc048e771bfa97,1123718400,5
7c9c278031f2f192394a96d1121f5b07,2b5080067984d9c0436d8eeea5e68066,1074902400,3
8fa25d8ed3a18aba09dfc2a1b950885a,d56d934e148b683591caebe429e1e31b,1202428800,5
8a29b6fe39107b607fdb40c29a9a715c,fdb16674eea145851f97a1743fc82b8b,1223683200,1
0aa4c945f0bff09b27101cdc0e814122,ff2da0e4e5145271842726021dbe2f7b,1301961600,4
6e854ce88484f6b4a214f766dc02c896,8d8fd592ef0af42ee1e53e9a4e5cec87,1186099200,5
98d26cd2b3c5ffd7db232239acac0e7a,ab2335571ccf3d1cbb6f0ddcde3337c0,1148860800,5
91f23133dd2ce6ac7462f872360e43c4,1e527fe4b41d996fb415c1cc4866636e,1168041600,5
d63bb2cc29ab3c67d23e79d693e9f305,889f7f18cc144c2c536e874827a75251,1179532800,5
e7130d8f98b8c1bfd8fe98ec3266a358,c0350db725dee630947586222dd74a67,997315200,5
76f8eed9e31bc2e244de8046a59379b9,10e6ad7eda93b35a1c2ce174d1d4c227,1140048000,1
a93c4653f025cbdbc61db4efe2f13ada,2893bf1bce12a5fabd1cc31b5fba6dda,1238716800,5
c603847b55987de4e2ff32417cd938b9,3095197b369591048df2a804445bd56e,1014768000,2
ff0bbbe52ffb51f4e2a9c366f91bbd58,0f1dc0247aef03d493b833abb63d16aa,1224288000,4
13534e1a4b93497b5d68d0e452063a2d,ec30a6230695d62f3425f6412caff321,1007769600,4
a5094dc34491a0c79b8e9d9caa985e00,6c2c1b9962adcd88de69ac60548f0cdd,1139184000,3
da857b3c1d438a82cd50cedb2873a879,327ecb5354b896640502755e76756714,1266710400,3
d0266600edd5593b35877e61d7358ce9,9cd0a257d8e0bcc33f283758b98d5dce,1240358400,4
87cf4d9ac2623fa564bf74f58b8c1737,7aa5f73aeee6aec060503672198051ba,1264636800,5
a9f446c65d949ad388427ddbebb8b392,de3b58be8524f09a9af2b8abc92d59ee,1274313600,5
28abb1ad6e2f7a27027c5ffba9fc56dc,6ec2f498f1f27f8d837bebf47a9dd3dd,1339027200,5
9868b97ce56a76f041c7deb5b7a564ae,3c579992d0e55909abff2fc580c5f00d,1349827200,5
fd904794dd660c91448ea3c36762a1c1,125801cad6784cce56e98d6179e93631,1187913600,5
12fcd168e2e42db118c268cee0d09051,5cc06e0be0b30760993869258d82d4ce,1256515200,4
3ac510d53eb056cabeba6f3efc824665,02bd22da671c3fb750d5f2291280eba4,1052611200,5
b5b5202848c47c285393a61709de562e,95b3556889b2fccefa1ccf692cb5b184,1142294400,4
29a9e4dc61e65f9e59eaec5f28336f40,280d28a6f04d3bfbd42c770e8be71b18,1231200000,4
4c5798e2e6b47c01de27817205429133,19bb1a3b41c724589062fa02cab4b6e0,1057536000,5
56e7280c0c3092bc9474edebe3a6d5d6,e0f4417613971862b5bb6b33c7505202,1253404800,5
740ea03505ad217a245c4dd795283a35,01eb8fb80560ad17348f34a8b02f939b,1129334400,5
f511ae698ef890f72a7109a5894aeb5f,4e119a619f0eab5abd5c300ede464e01,1118620800,3
e8d1ab8573e43877171dd989406ca001,950a118b58dd091f597dba4e0e5089d1,1008115200,5
78a7c1618b3c42a90a17f5062b92d871,b2bd5dd625ea60d5dc26dce66d97bda6,1267315200,5
5e90d05523a4a5fc6d12b2fdf53920f5,2be7bd9d14d973664b4e969e3753f302,1290902400,5
e5b76ca799cafbead52bf87720fc877e,d1844a401ff450f31d4f36ddc8a50798,1084233600,1
552081a524721fa8d4f6ae86930194a8,fd68c892506a57b8c1ea029fab8ade92,1195257600,1
157a8233250e5b575e30587e6f447a67,af9635322bd88f364a80d584bcb77382,1293753600,5
ebbddcf711844ab111352aabc1627477,c63fea4d4258dfb0aa3cd232bd753668,1019260800,5
e7568d09fa736f7fe4059e95cdc6e02e,d4287a158bce79d56b405c392014f26b,1067126400,1
f41b97debc54bf587e1da33605346f28,a9ed3b1989fa28fac44f2d61ed7716a9,1152489600,4
559fe77006bc1b9a4671b1d896e8662b,bc27f75a3cecf47ed2b5f12e956d26df,1098057600,5
977aceb5cd44dfc1e319c34e8ce61e86,0f729d3ea97435295158c3a9db91eb41,1103241600,5
5d1a91e39881f385c5e1da3971244641,54ab12fcbd4124b9cd7755d15c6c5b5c,1139961600,5
7a7e858de206231272f298cf532607f1,3216ca2270e66035defdc13816de4658,1024444800,5
6e71c1dab442ccb14412007dfd251a21,b55a283f890595c6825d51d5c410423e,1129161600,5
6c97b6b735e9963115707c25142cd014,23c2681a04729f7503b8b2859d3fbdcd,1248912000,2
7af5331772cc86172e5649964c372690,26ccc810ad6aeef0592f57ecc794ac33,1215820800,4
19f68486938b2d2a253ddd689fe9a5f3,6702692dcc954f2fbb12ac033092c71b,1265587200,5
2ea663162138a6e8fc00edc64d8b81b4,a4e30e68c4100d1af0b32e3eac801c34,1296950400,5
779ee4fc63002c5425ce2efc314ffa4e,6650d2f451ff81615c0da2f846b98199,1080259200,5
334acf86de8952d51763a53a3db869ed,dc0b1f5604bacf855f02e08833665ea4,1130630400,5
64c040d73a0f94aab2762bcb59734651,3ca53327029986b5a9cb6bc7c0f42b96,1104537600,4
6e3c6983d5124caa5fd5bd69a1e0fa70,82cd7318d198d9ea06ef712f4496c2f5,1160870400,5
c2e050a373b3fa8446346013181ecf28,399c72cca0a363d3e2def3ecb82b4fcf,946944000,3
1944ac162f258495332daaf2c6374e24,90fc5ae3445ecbd74c14c9c969d14972,1161216000,5
b0f324ea6a59dbc585675994a049437d,b04d406b5d38db25ea2270ce2aa1a0a6,1192320000,4
c46e8e68870d88e1acc717ddda1f5c46,454953bacc9fb64a98ba89f0b9892b28,1140652800,5
476d5625137d2aba3414894774517d9c,6a8eea14ae9aa3d0ea124cb55500b5ab,1213401600,5
da8bbf5dc57e41a416cc5fd4edb0886b,400162dabef0a5af7a14285828ef7dee,1124064000,4
2ebcd726c11eb9ca16457679f06f9031,f8909bba5120ff2b19dc676ed5849dfa,1275091200,5
f5427418e5b0692d4395f549a461388d,d80c16745f799af346bac0b151c2f740,1232409600,1
a1a788f3913045a0dffbf246abbde02b,6ddec1e80b98c8079d64289320d09920,1143417600,5
d5130f716501f1c760644673162efe27,95b3556889b2fccefa1ccf692cb5b184,1114992000,3
de3e470f0a6c5422ff5847e4eefd110a,168c9fba4bd56a1c766a4aa545753297,1317081600,5
37c6a6484eda97b4f46e45601a6a44c2,7bbeb3070b35adfce4180e248bbd6fcb,970531200,4
d76ff364c9cd637db3be2846933e93ed,10cd4110550a96c4e080aaea40feb4a0,1125273600,3
6e1e10026ab556284945978f45caef7a,f8cc59d27080a159e42e431729969abd,1214438400,5
b95ffe7b882e1a9a1566aa32ec3a28ac,b8074aec747b4694003741c8bf71450b,1330992000,3
de30e206280aa26ad43f658405fa5ba7,13fda301e1486a46895b47959754819d,1062288000,3
0be126f5b2c6af0395611249dbd73501,1a3c59dee93f5ed94d072ea032cf9bd3,1087344000,1
5ec48ff09a8288ab907c6e896de41c6e,9553cdc865c1026860ec1cc592b11ebf,1120780800,2
daff4aeccf138887da268072b593dce9,cb461c036813101efe8635ce6f29f006,1098576000,2
18eceb659bc5dbe65a4ecf90ebdef83b,a2e5e1b55ee01845bb47045b644f75a3,1101081600,5
2115b8d70376814ac5bbf3913653a707,2275f4bd0357183112e480b11c4a2e6b,1228521600,5
bae8c5f77228fea166f1910d192d32de,0be1ceed32f7cd3400e95fb98dfe6d8b,1211587200,5
361232f7d38c4d2ccc7fbde5042fd822,6ecf12666dfccd7d93e388f0d005b682,1205107200,4
365c150a46de8bf78bdff9975aa309d9,2b834d4137b6a9f9f45504a755ae5f13,1316822400,5
85833e83571b87b726a10efc4b023a85,1b3315e85b79f1d841655e4058eb0c13,1229558400,4
ab0a31eaf3e0ca1f2b7d9955b2a14289,1ddba79fcc2dac4ecdc63bb534e6e44a,1193702400,5
1eaaa0e15c20713cd9213c4b31368c81,1571b78d88524519e1be075b98e0e084,1239926400,4
a41202bbb7d66352c8127284969b61bc,e7a48c160b6fa39ca4e418de80a5cf83,1168387200,3
295003812827108c36840d3cac342624,3579106c58520f03bfb441c0200571d0,1099785600,4
528ffa82373b875fe504f8e020c25636,30202f8c775beda0ece795364dee300c,1080172800,2
69e7012418897f0a3d0126c6f166a948,0ac91f4f2482cf9226d5eed1ba6451a5,1113264000,5
a60baff1d12627a44abeafae85bc3450,a028147a8fd34d5129808d87f4450b29,1323907200,4
322caaaa90cf3d641fde84ca7d658534,a3b6863bebb6d5a5f06c09af247a6cb7,1238976000,3
761d0cb65759d1371cb00b06d6294983,b9a918f085b7a8b912755077bf4a0eee,1294012800,5
b6a0a18913282760c26ba53a918bebee,14309cd2c1d342b92f45357c7fab03df,1253318400,5
4c357dec756354e347630cae88a0e818,fbf2a4b1eaa35d84fa7301c83639af83,1197936000,5
829c179c1796a3f28134886c5c03b547,9dad9b20771d53a3e722b5f8af63e477,1334793600,5
cdbdd0c7a74abd85b45aacea9ee6813c,e1ce8f472e8f2d972d2fd5d05d6c4993,1227398400,5
77e630fa8205795430851730053be5f2,353f7e7742d619ac43a5034b2ccef30c,1106352000,4
30866ac10fb2748106d2125d6064ce22,9696bcd634a10fd461f9fcff03f4fcb8,1270598400,5
7c4bab5f3ceae1c6ac34e21866426aca,59926cfd8e73f236556a5a145c960bda,992476800,4
ae3bfad7eeb90b8fdf0b4b361923428c,cf6d473490127f4cb4b92367b95387af,1164499200,5
c55031206b4803ff1cf2f290f3ec1696,d09e137d5b8e68ccad3fe85780900576,1332892800,3
4da43979f4159e7427394bbde16c2ba0,3a1b2865349aa25811a8761921c0cbf5,1141257600,5
3ad99c8a742418ceb965ae277e659046,f63317da65cc7cdcbc83efdcbb4e1581,1147132800,5
9ea052bb4331af77e29134bfc68f6e6d,823ae037ecd4fb00677e4e7f5df46c20,1268092800,5
534650e917c4ad39d8642897cad502b5,d1fe454564d9c6b1a0385192ccb1948f,1140393600,5
9b92f2e29596e942b8336cac868626b9,7442596f26a0ea2ed9ecf1357448050f,1325116800,5
8a237014176965797e717a68a5ef6c95,fd2269a38e4a077fe5942cd420f7541c,1303084800,4
2eebed499a90165c5e41969aaefd2b47,fc67d40e9fbd53cac94d57bf7b48d112,1329696000,5
e79fec57875dbc732d6ad47eff0f3ecd,6ad10860f885f30c8424073e02e1bf60,1114646400,4
9d86d5adea5283687d7984628250c765,5dfa00397ea6ef95866ad4d4eed9eefe,1227830400,4
bad83c2013e18ad72399ce2c5f89b037,f390c7fab54e73c4fde0964f8fbfad2f,1340150400,5
de87e32051a5aee86637111c623c6d7d,388207319f30f602441582710638f002,968976000,3
7596769a4a2ed6120fa33e1ae88cf4fc,02627b18e87faab78f6175d7184f5b8f,1268006400,5
b53ca5ea072bd377add7671e6f3120bc,d1af03b7e5d928e12a7084df12874fb5,1283299200,5
786a46a4b67573868a3d0f9224cd676e,cb654c9d486d6d466414f14f00182d9e,1115078400,5
bab797a2e8c33b13cd6aaec8bfb1deb2,5a8f84dd61b9c3902969af870d1c342d,1315353600,5
0c14e58676509dcfb29647a0aa810f0c,a7ffb9c99aa9c5cc18140417f34c641e,1281312000,5
8270ac2c013a99b8264053048d578796,b9a4197a373f5809ace22c777de46ec2,1203292800,5
3aae02231a0304d48e9663b0d1c196e1,0643631e47607e07ef287131266d3fbd,1180569600,5
999427e9d17e1b3f883bbfa3f6887098,d8320047a1194ff8adf52fcc2678f577,1198800000,2
4a599a51b1a4eeb5fd89983ba4f344ef,2f1a1cfd3e600968d9bab5002d582e4f,1314403200,5
b0541cf4fd4e3d49dbc8f0fd85c4f3ba,e085c947eee5866a1132acb2f57c69d2,1231459200,3
8bb879b4bd65974fc8b00fdd68fa5aef,790091b84c401468b0cbca61491fd34d,1289779200,5
17200c7e07f2a58062f4599dfd0aac88,79a12787afec8ed79e7f35417ffc0aa5,1136764800,4
daca33fdc99f130f38bc6728eff8d434,908547e548017477973c90bc72821275,1228867200,5
1f11894d873e6ad82f22851bc843bd6a,58c65d0bd155c527b20e9500b4c156e7,1187222400,5
0980f64f5c9cb9ab64a16cf924d19de7,ffdf6a9281d499bc489c20d8f68e4801,1128384000,1
beab8f99e58de97d28881ef83b98e4ec,01704b3231737acb790848e224c97911,1210377600,4
43969b8f7acca2660cc62bfb4948127a,4667ae28e3ad9c5e1c6d56a78333c289,1210204800,5
b50312dfed0982cdb732c262835b88b6,8a6c67350ffa0e765931a43dd6b72724,1043971200,3
4a7c41b2e6f471a2e6ae7245f8247b70,273ee3b39184d9d98f7ffc5d85a3b846,1348617600,5
b5e236e447fa929d9a4cbe0140484a9c,d92d5d36aa267e86aeceb4fcf3813087,1318118400,1
2af7f3a301214f06a99615ba91764257,0141accd6be755369262155962e28e7f,1199664000,5
53bdefb5cd714ccc15cdb274721997b5,f2e0779985ae4bdaee91e684058cf611,979862400,4
5111465d3a79d3a0fb60fd0381d4f33b,d8c27fc0137f3d56563080f4988cff3d,1342137600,5
10be15f47b4b02aaf5ed3a00ad3fbbd1,212f9c27685a2d7cb8d573355dd8e685,1203724800,3
36138c426aad64d8fb4a70cf4c8bf2ab,9bde74d2c2f9daf3d69ce24bbeece68d,1149465600,4
b574c219efff1ca5b750c6313d9a96ac,292b4fcfd33b4ce3acfe0dceeba16997,1104710400,1
7f39b52b1656dde0aabdfbed2caa336c,6501f65df4fc5ebd2f560ccf21d35f10,913852800,5
c3e4243c34292b90725a82726ac9f969,a3e4769eb68ff30965729f5e00627c3a,1070409600,5
a689cc86dc71e72d2b940393bb1c2068,75dcf2999a2b524ab75205b7bd4b82f5,1187222400,5
8ecc7fcdf984173597263937adbaa4b8,7d8ae63d3b8ce7d4a3044f801bbe50d8,1340841600,4
f83e2e230020d851037898de3a52bd20,b13b92132aa9f6cfc51ce61b36dcd1be,1259798400,5
9970b8d6a63e3c74968fcebbf9321f5f,d725376be767a5d2087807366812e933,1265760000,5
82482830bd86dbcfb6e36bcbada2bbc1,f60c604744ac936299a041b934ff65e8,1345161600,5
780551e789c85a46d2e34c3dcb503f6f,0a29463644aab092431658606503a9f6,1305504000,1
92f64cb24144d6d150068fd7b13299e4,457e869a04e11ebdfe80ab62d00ba3b5,1198800000,5
d22b62c0bccccef14e18c92c51120bc8,9d0df7ae1251f90845ea7641c3caab42,1269907200,5
ba18beb668c2471e1058dd48d9d64560,256e25e80d2a1e6f39a0cc3350d89081,1213142400,5
41ffdfe4c43f5f89365c189107eaeca7,5e1311df82cb37851eb62ff24cbfdcb5,1043366400,5
7011ed66db024a65abd416d85ce31b40,eb4cbb84a36065d859fb494eaa9737f1,1065571200,5
751eb11876481b027435becc8c4b260a,b33cd929bbda47c63dbbb5c426133df9,1279929600,1
83ded74284a9dcc5dbecf51caa6e3e6f,e12bfc76d3b521a9c0fb1af0cdddefd2,1323820800,5
4a009ee8a052428ebea9a0d45ed64e2f,96be24d76eea483d4551352f5a932a3b,1201824000,4
153bdc39a31c21cc00e1b3d1eac5806e,1d20dbebcfe70c1634abf3466452c1ef,1206057600,5
36d2abf9c82210086667c1b71f7e3829,41f5efe9299310b6dac81381e734cd03,1268611200,5
49f948a58cb50716f2d9fc5f70f275ac,2e3e542857cf4b1069e2db5c98dbca7a,995932800,4
a5e93264ff9183bbf37555fb525a6d9c,7c120fa34ddb9c8f9f8bc62550656afe,1068595200,5
12e7cefbf92453d4a5e8aee8d6bfdd3d,c349c8d79428f7d26464813f1b038c7f,1346025600,5
7e7fb1d31f80f7e69677e11e87db0230,b046c99282f58e0581c596977badf502,1170806400,4
b90cecf58ad88c818079be2deba4ed6d,274417310297300491c3f71e131c773c,1219968000,5
d3c9041945f9fe413e3739eed4c10ca5,4898461c71147370273642ee66eb2de8,1107820800,5
607a2bc1ba31d27ea162a0569c694aea,b912c5bbadb554b1ed008259d8656cef,1157846400,2
0ccca1b0b8f266da68659e3479c988ba,f83b865aec375124f9e768e5c18a7172,1301270400,5
0aeebbf1eb0e7ea320bb82729d5f15b4,f16b11049d9c5a338b0ff86615228c6e,1132876800,1
59f01ffee7fd93e9c7adf4df6438097c,0a8d796a834ef7780e62022d77aa04e6,1161820800,5
a9928b1393377c6a626fb12bad523aa1,e6430fe504202d34904f64d3eed1f827,970444800,5
2a18c56020a83ec6d7bcf9176f67a42a,f037833e66f25d96be043025c05fa27a,1125964800,3
2932bc5568ff2de66d00dbf342479e4a,8a86c24877fee74a0b4ac26dc56569df,1139961600,5
c3f5feef890629f9cfe450f9b8b25415,1f605d9e9f6b5d1096a734dc6c907718,1167868800,5
b9c89629ec3965b1ee366d59807eec4d,8434d0c328145e83137a2bbb3149eca6,1160265600,4
bcb5909865c4e790c6892ea438685c70,269f2f5b8eb14b3932e9cb66d76dd3f0,985996800,4
6a95cd9a3f30862bb6810bb35ad15016,ce59def2bf4856817fb0ddec4efe039d,1033862400,4
f54717a8e87980e1a37f899b5a729dbf,6d3ad695ceb9c85ca82a4e8285915ed8,1272153600,5
04c22ac6d62f6c340a7dea87a3952bfc,ecaa99a66c83e6575eedc1649cf0ce51,1116547200,5
87c3abab2f1cf2612233405e691ffb40,2dfea3ac4b2b365550a44af27fdeec0d,1284854400,5
c9971ba0031119fc0932958770c1272a,8c2f59d2f0daa51178804aaaa7b7ea7d,994982400,4
69a94ca13e93b85fd11d485e6741c009,9465335cfd0fe117e008d9777ca4b1dc,1321401600,4
a747b6786249a4191799df3c299359cb,01856dc881bfb2f81d38c2320f8d3348,1324166400,4
850def9001a64a2282e8a69f56cd9543,1647803848d86dc3f894fbd3b409c8b6,1018051200,5
c041aeee39741e4139dc135569b02d1e,2145dcbb26db91d80ca4b0bfed95e67e,1186704000,4
4af295d4c5696ee39d1d4625fb073246,a425d45c5fe7898378e246c0cc058397,999475200,5
524ef587a46636e48cee4fbf3f2c3efd,c96b0b4056f1431f46b457782f479fce,1264636800,4
24410c5f4caae2cca55a518fe62369a9,5962e450af4a6caec1a39c68e528708b,1182384000,1
a9afa52812c4b2e6840941badb8acc2b,05525c2a7843afc13c15d6f8f0a9c068,1191974400,4
c27865049d1cf93a4b2163e8aa804cd6,ab974c00c8ba40adc875b5138445e5d0,1263686400,4
d57489d9fda2bbbcc7ebf029c307e722,e57bf0a54f9c96be37c54bd7f3e8a798,1119830400,5
e0b9708ef23e153c7223f2b0ff540330,b325329fcd99c645ee83d2e95820a39e,1094947200,5
ce9d97d087808492d29d40d222b02fcb,c9d9fd394bda18d62c02ebaae6966335,1121212800,5
abbc2091fbe85196e22dea99559ec7a9,bf7330810937a396a683b506792640c7,1308700800,5
2e8da259a41da25135429f9fc4283241,cade084ed72b183c3b7597f9372b4526,1162512000,3
3959d549b53ab79d1a6c777519ae1e77,3cef294b9ccb65303db19a7d6a55393f,1283385600,4
0ff115c5cb052004286c6215050c508e,ad67bf183ab6bd6187aac47ba15e1f00,1293494400,4
5048309b82c2eb548e83afa38f03b51e,650c0c408d32333c25fe0a91cddf62a7,1133395200,4
b91cafc32d055a7002760b79b01b7c48,fddbce8c1733e18a839c23c6a7f1d91f,1107043200,5
abcec4e0d1b6f40d74da5f3da520c1d4,173ae43eedc7117faa216ab69ec5debe,1329091200,5
648258ed628b21b5b65bb35d3e211b8b,9a96f8d11c68ce45d3a7a03c72f51a5b,1122508800,1
33e9db42d1885d2a736b5f70a4f88d36,9f16e99dac25c470b3cec6223df83099,1193184000,5
ba120b6ead305a65bad62d47583a8cf4,fe9bd2e299dd14e85018fa30b931acd8,1325376000,3
ef8b36a778b33dd66afd3069b94bd96f,01ad935841648d9f415a66f17a02e0b2,1104883200,2
5909c051b24c5ace3fa051412f1f5f3b,d223126eef05b484e2a4b9ae9aa4c3b4,1346976000,5
e1d9e1f347e5f93d0a4f969e44f4835e,700aa2d3dea960f3fe0a9b3e0245ed1a,1231891200,4
6e7e18be74401147ece927a87a662ce5,741cde84f4df9db0a5f5d34c44df9e7c,1349481600,5
e7adbc63085be1ca923f9cbc28a77415,6b2c98a15af7807bc333d583cccf5c88,1115251200,5
eb53eef59de754faf36810bab25ba256,5cef41334982abb99f20a9d9916f04ef,988070400,2
c97d78ae648579d29faf234610374b2e,2787e604b842a1fe64e93303bf53248e,956275200,5
4973b1444516bdec3365041472b47bdd,eedd5abe49e5f7e04bfc4472376cbe0a,1186012800,4
e3b0e839d97136781e276c1502e08ec6,a55af4e016113ee0dc42e77a96c8f44b,1232841600,5
2eca9dc22c3a0f5ac1946e04ce89ce1e,e1562b90bb13932d6bb61cc2f45cc32d,1321142400,5
1f4e14eb2faacbcbbc153d3f8d9028ec,cf8a986b15cfe0f62de7477ac5796770,1209340800,2
f78a18f91add7aeb9f125800c9956e75,ac9b54eb40b27d58dd9e453921674138,1258588800,4
03263fcbc4db7cb31e239f204989d820,0b6f727692dbff0abc8e149a824b1b2e,1041033600,4
3809bd43b11cee35c0eb8c6576b03976,7fc46cc1bb6504eef78191c77ca4364b,1303084800,2
22a94aafa3fc36c93cc0851c8f497d52,86c44ca88faba82c2143aa01e02c34eb,1051747200,5
f5490194fbd916d89bdf08d088798b56,11eaa1d2e72a39e73c688a62269e63a2,1124755200,5
eb1de03bd5ae083082b8f223c8b0a1cb,51564f248783a70ce53b4b4685b306af,1212624000,5
bcb23df3329f3fd431f129c4a627baec,ef219fc838f1c16312ff3a04be0ab6cd,1011484800,5
82ec48884de4833e74ddca8349bd61c5,f4908ccce1812844207879fe8debd32e,1105056000,5
961ea95bd9577eef0ef964f0e7832ecf,dc7e9e67d0ba9071ab986c9281c9a288,1200614400,5
69879208b6725c083155899738716a37,3b675626e5c7531e150f1c2206e7dcb6,1169251200,4
a60e4c91c5a02adfcbaa4405f4040424,b607d22a3be442cd7acf2f26303a3ea0,1038355200,4
c1737ff9a9707076416f455e80802d45,c0a1568b91eb59277e6b9f52f06c323d,1053561600,5
d340a990afe86b5baab30d266a8eecc1,e9052f866cc85b96c8b111dffdbe7c22,1122249600,5
be6dbd519a01c5b1d94cbd1696a64d30,36b97ae648a08ec7d4e5cba7f8e60edf,980726400,4
f75f1611e2dc1d5b8811a86c9ccdc588,241b3ca8a264cce4bb61587942d6eb40,1254787200,4
c8cb5544461758819f58c1125f3557b7,b15113a5a6b4457e32893fad2bba5844,1346889600,5
8662747d1274892a9d7470a02f9ed25a,04fb7b4c8be3656b8cc763364f2466af,1309132800,4
9d4a5d22a66e9af417d3a6848fdf4060,a7dd7d5d57772a7dd77a733336b3cc3b,1245888000,3
42ae9dff4ed36185c4aceafd257b7a27,5ea05fac184286b39326be3785fcada9,1295222400,3
0034a4c5e668aa3a3721cf3a327e033e,f338c510fb81160fd6782d9ba9f242d2,1268956800,1
0a6c650deeca7bb1f92d336c23d65ed7,73b12efbf7f7e2b7a158de9088c6a04b,1162598400,4
8324bc94885406ef71e40b4116dd6e46,e596719812b354bc589eef6dcf5989a8,1235865600,4
cade12786a3f1e92da1acd7cada50ed0,62447f6bd203140497e3405efb7a0773,1044662400,4
741657fcdffd7ccf2942a59e0fae5f8c,ec596448a88df7aab3a6e69e5fd925dd,1349481600,5
33112d35c29c3f1184e6f619035837f8,e453187b56118d4ea01da358d9ac2fb1,1306886400,5
85edc65430d76dc34093fb7763d8f02f,630bc751095099722ebb7a4590e313a2,1219968000,5
7f89bbb3d15d1ae500a318dd1b4a1ea3,1baaa8fe22707357be521e9e0d2e9636,1127088000,1
5d25f194a4c5b40a037fac31b709f592,b79014c8e64f4107a79c7c004c218c07,1117756800,5
1e64fa04561d8c615f554865452fdad0,b6933414eb1b20f51e96b846717b31a2,1234137600,5
028c6a369f87fa27722f54088d567cd9,34e59441d57bf0d8483dac7626014c00,1132444800,5
361ed577102841d2485a51bbaa787bc7,98467053398fa1d85cdf900c51ce5d27,1125792000,4
6bbf66a6c30dee11386cceea3029d2f1,785525ce3e1d7c47c9581879f51f3cc2,1179878400,5
06f6b1c7d63a450fbdf28dfffec59ad6,98e3e92489f73aaf107c9f0840f92094,1288396800,5
754da1446e4dcffc0716d3d99aecda6a,aa9f9726eea752d8fcb542d05ba12f55,1221609600,5
614dd623cca10141f51818bd20aaf0a9,79ff51ad611454b258ca91fba4e04a88,1108598400,5
3abc6cbb9b92df37c2ca5d84bfa12d9d,26d596f051bed945fc4ee9791f48db14,1292025600,5
f58498302e0c85ff7db897d62b9c6037,e2c61460e4157b3082dafd2095e12152,1077148800,1
27f9eca49a1576e76a3030be415743e8,5fa79be499ac5321fbd11e83a4b5c51e,1212796800,5
4dee925124090cfc09676c1f42a5b386,e4cab7854919824e1e05430735fdb173,1168473600,5
c23507c31d65980cce1080621cbbd714,8803ae47a38102777f3305fd5ba20bfb,1317254400,5
b9d8c053e38c2861af99c81976a78608,43eca0a48916a23189b7120aa2d088f0,966556800,3
a7f02a07300d5c5fd7a63afa5bf18810,a7356d28dff477918d4cacb21ed6a772,1347494400,5
b6b005c1dfb52e6b7fab2fe8f99314fa,3843b7a129dff3c207e4dd42a11fcc2c,1092700800,4
c700057e97c69a286eaee04cc6f24305,e3811c787fe27f7280248f077fbdb63b,1071360000,5
73fa5780da0083276b242bbd27197ae9,b03203f35af06d016dc2a24320cafd98,1338681600,5
12693f6090d77ca3bc62d7a38774b34c,315dd49dc22c28ea1db5b314cee4fd65,1342656000,4
02f964c92dc8555112a60baf68e55344,d04a8996b830147d5c829b908cfbb69d,1339545600,4
ea0f3f655cc173b8184833a8c6a65146,8cf672f52bc56d5ce55439f73b82a259,1151280000,4
f613df014e610e2f6f446c1e0ed371f6,8a7a285142bbdcc2d516a181dcf1ad2b,1252886400,2
fdcdb7d36451afb15147a2cbc5443b7e,b4d7edee4cd30f623a7ed7b560640508,1126915200,5
cd092c235b413301d09e257a63ac737d,a4931886588219bfe82a19ade586fc0c,995500800,5
b98b6364c1144dc0bf0975303cc60fb3,3b5e7644a27e422d15f8aa8719f7c2d9,1109894400,4
bba324bc826f109c15596d8a050b0ca7,06e6ef7c1d72ddca22e916cc8074dd64,1168214400,5
229c41b65847bf27967c54e19b86c289,0ec87e24464334843217ef7115e94e09,1102204800,5
e038240018e0b826c7a6941b386fbdfb,ec30a6230695d62f3425f6412caff321,1221177600,4
67eb339ea2cfe7ed22659a8bf40293c2,9b5ea8ce247c5516d3b9d059f9940a87,1037059200,5
07c3f0c377966c517b181e47ef1502ee,973795fce50c22d2914ca8ae3d1f0f71,1125187200,5
ae232ae74b0efce50b7a1614b94c323f,f28f54622c8d9b7587b68f4b80e18c7c,1119657600,4
a39ea9dd8db8586084c8fbb3f6430cad,37b5f1f8f5df365123b66d00c2eb9f23,1265846400,5
9ed424809927d2fc7b1a50ab0e2b9f6c,07e04d073ecfb987eaf2b3069dd2bbe2,1280275200,5
7e438e68a11b7974d70c7e3446d1f6cf,97b71048fb4e17ee8a439ceb0fc27989,1016841600,5
4f01ac929a3a580f0274f840ee056a34,d44cb6fe14aeb0be0cf1199418fa0402,1043971200,4
450d04966fd0c33d86d0aff2faad6cb1,9b0d1af8db600f7a4d9aa2f38a49fd29,1057968000,4
4ae24200e5ba4dafa2262b3ba10bd2d8,751767df622a7fb7e51122442f11a1b0,1116374400,5
a8ecef21361fe590890b0b0a86009e1a,1574b971f911909b2f684402ce0098ae,1172534400,5
0e093e88825cb0170cea07d0f0dce933,f01ff4cfbdcc199442a35a4a5679e04a,1149638400,2
0eab2afcf4503ed9b27c5d658ad711cf,3baa771275cfc8011f8e91c4226cc289,1291507200,5
d25d598b312d05148638a4d1cc1464e0,3eab77807cb4d0709af850b872bcec58,1193875200,5
9e211a6fc4aecd24f071cb5ee448c8b3,f9d3e0ddcd203293626417134d180ad9,1067904000,5
d334328eb74939dd869d8318e056929b,7b1e70336b65eb668d7a11b40236c84c,1125014400,4
b3cf589f5e1ef4756c957f4cdd78c142,6ba1dde6e2f2ba10e3a0eb7fb90eb3d6,1299888000,5
e07d36d04ac5fa0327a82e8b985ad1f0,61584f1d4ad3f00d3d94644f0d70c56a,1213228800,5
e1321c3b2b7b3f0ba61c2daca04e0311,531e781f8f0637e1b2fe4fb2e5900594,1165190400,3
9c326a68e52938874b97033338e8dc2b,76d4c42bedd35164201b4b49d52c6eed,1015977600,5
63bc5369545ab1bdf230a4cd3ea63f91,a6e3518521e10dc731d295476cbf7a84,1078358400,4
fa9ab998598a2f8b7da40d533f499a9c,a9fba80b99d996c6d96262b5b89b4d5b,1190764800,5
6e2f92c38b2e2c62080bbda6875b2135,86d5ab66eb4e2c856d106184ab9c9673,1301443200,5
6e52a89d9aade43ff59c4c747e636a31,676e41e1ebe3697bb8ee8a01cdd401ac,1071187200,5
756ecb654f7bbb03bb1af4726703915b,641528eb4d4e83452ccb9e1df05d8fa9,1166400000,5
950937646d9a0ddd67f4b696aeb88fa4,babdb507f84171e398307a80c8e84274,929750400,5
6f7c151b331ee0fd7aeedcef98d69a82,3c74f2be60e349cece2c32766b724ea3,1178582400,5
50af40b28862f849712019e3beb45d6d,5de799197585e086387f9e09d41f60f6,1136937600,5
81a66182df390932820638d492a7e996,8cfa9e39d45efbd285dc066194508040,1174521600,5
e6ad2127bb056c4cea5de43b2c80bab4,931f4bac41a8e2304fb3f04db61b46b0,1342742400,5
b62e307a45be68d58a6496ddba955faa,809337a436020237cb1a0d4ab006a0c9,1037923200,3
6eaa1b3e04d252416925f4604c513ac6,e2de266328810cfb9b88d9b3b398236f,1137283200,5
fa536fce22fd9e60317f5cadbdd2cc21,e79cf9f2ea660178fb88f1f9f2043e38,1095292800,4
94c44b7bf43bdf8e89e879323d3d1c15,d2a14858255b7111d3d629f91c29bdca,1170720000,4
ac6d341bebbb8bcce8b2913f6885baf1,47eca57dcd57d4baae538326f7e5aca1,1194393600,5
8baff7b95d1b24163636466bece3e9c1,ffcc63c96b68557ac7a9729dd8624eae,1282262400,4
775633ca1acca08a8b16701f42ffef9c,5e46858fb2db3cd60844a1539b220033,1106956800,4
bb758c5b59f4b15ace9e8e94eee1abf7,80d9d9c50516d0e2076a002a27bb8c95,1261008000,5
263692196ba2e5695ce949cd113d5adb,fd26f803c10b8da564ca0e65786d7b04,1188432000,5
f8394f4582519601327bf3aec946b328,928bda284b9ae12aa0b87bff1e161eb2,1147392000,4
b96cd9e19f918fe091ade1d1c52c17f7,3ec0ef920017f9839c55bf437cf3e6d4,1239235200,4
24af8a6884d0763179d24f68c086a199,49f628a3f47604d07615c391681d5a8d,1178496000,4
ca53b58990e7bae66034b666ccc35dc2,89dd4265ea2a962e4354b2adfd02ec1d,958694400,5
2d357180adffb0419d62e123bb3f9888,695bc182f27747b9bac2540c3b5a3178,1349481600,3
0ad812808a1461acf122b50194bb06dd,7ae543c0918e613fa0327edecf8f619d,1257897600,5
9df4de80c2fbe75404493b0809a4d277,a92392389f552766fc83aa4651b1d76c,1077148800,2
7d7c24bb13d77165556d1ded80d3c3b9,14ac69b1fc7b21de0504c72fa7e47b8f,1112227200,5
e42f9434d5be00a8e0284bd4ea464289,2f44e3f1a290f17bc90b15f8e4438772,1138320000,4
85e6e559cbac36f69219b2de5ebcce92,700246c0a1824dd7747d9e5ffc17fcf9,1117584000,5
8ddf4d8b91b3c4a2dcc02a9cf93ea42c,54db91cde81e826f90a307352cfe2aed,991008000,4
b18c431f0559a1e5bf886f0962cf76fa,5f61aa15f33643a3fb5130684ea71a6d,1081468800,4
94e3b268a24a90e4ec432ea9b8bcf053,3374bc6d6f27de08bc559fdbf7e502ca,1184889600,4
0b263db3000b94c802b8f8b95d3527ca,dbec8add32efc38cbad75047b5055c6b,1253404800,5
0f5a518569c2f5a87c73cafbe3e30cb6,c6a0f63cd4b87f2d74c5450a840f7a32,1235174400,4
5ff59bd238443ff876729dded5a91189,d4f58cc17f56e497f1911a1b34d381a6,1238025600,1
ef0831c92aa3f5e4157c407cfb53cdbc,2402d4fb4a8c8df9cbcecf4d08e66be3,1127779200,2
e872cef34eccfe13c9c2b07d1cb5a133,fbb48893e8ef4edec7255248afe01b66,1042329600,5
2cac18273bf96d6bddccccbdc07e9fa4,688c741aa74457a27437e32efc7f42f6,1052611200,3
8eb8af78249f5c23dfacf48df44026fc,ea93acf93feb80f9fca44ae7e001f2ed,1294790400,5
5a511d412a234ab1bfa463ff7dae60d8,6bdf69e8a942959babb15a7be17482e2,1279584000,4
c14bb75782f583de75fcf25e8ed14f45,39d3734eed0c15f1a23c16d02d0a87ad,1083024000,5
37124ad71693aba59b68ca9474fff6c1,e882a1c79379adace69a9803f9eeccae,1320019200,5
868036f0902860e335d701ecae85d961,816be1699f40f74e89d6f78dc5dd9ac9,1277424000,5
d59a925f3169cb57249bbfa7ae9f5088,26baaca74f6edf7fa8c4af13ff8b74e4,1085443200,5
7f4f8e466d6908bf64b891b77e37fb5a,27e9df19da358351bd73a0a63d369cce,1113091200,3
13d437197939de91eae18fe3be50370a,cf0ba35852e9bb58e2648bab33ca1ac9,1010275200,5
6529efeff389760fe4fdd6f9dafc2513,52d905478c92d602d97e980574ae987a,1304553600,5
8fa5aecb98f4f0f2f88bbda5e31c4686,6f7a661054646c1e9e0c49a44825f099,1305417600,5
e822a39bb2ac78f1412c08985785e4f1,591c03c89f8a7f37318fd0a62c368525,1275004800,5
63a6d6a6a3b8a7eab690faf7a098f030,73d85d6de5441d73d3012ab7228f8d06,1182816000,5
7c060b41d6155c5112ee152c127d4cd5,7e8f918e8657961407a9040c211f2477,1169164800,5
119a49a0c26898e03a8c0a9b353b525e,9e1c20f8de6f8b6911c021129ae90151,1097625600,5
ffb043cfec7ef1b7dd50d982ec461a09,99017a62367e62c15cea9830e21382e0,1344124800,5
f94f5b4617b550b3fe941574e2325dd1,7da7aae74e31eda1c7660ac956f3069a,1094169600,1
ddd2e6e1ef59d864071a2fd3ce3968bf,de90cea821dfed85e168475b3c32a25a,1078185600,5
10e79c19ee049acdefa5af21b9ba9604,84c2b879885402af6fe3a8a6a6819dda,978393600,5
f51ad678fa3b332cf14fca0181c4d70a,b75aac6b4a6f246402ce5fa648e53c24,1140480000,5
1dc1ca5aaab70493e3808f438ca4dd02,4e0a2ef6aacf0876d4812b6ea1ef1707,1087084800,5
8dffd2ffffe9cdbb998947ef9cb4a07a,9f16d5b16424e094335e048f5054d31e,1089590400,4
cc3e1d9238587a8ce3266e10f0a45769,47bf524ef815b480331507ef0fec9e86,1266364800,5
5e4a1760508491130e4fcebd09b77fa4,b06852eb58f3cc0214cfd233fa0ee5e8,1147478400,5
74599959f89b6e8016b3a4a751aca25e,94b7efae93a8f257326e198b736ca4a3,1327536000,3
2bc9daa2f676817ba968779f0edd0ea3,1b500314df1952d2333c731222bb67e9,1194652800,5
e1d7082e35de4cd346c16ce8703c8a56,79f7ca9fbca4bd0980e15111cc59c39d,1296000000,1
3efca4dd6f0a3440d1c8bd500e39038c,8ec16fd18a8ddac3871881e618c19312,1198972800,5
77cfb4961b7258707354969999406e55,0a04d236eb5cfb5b235573f4cd67c786,1097712000,5
e19b35911a701785787544d2c39e8f11,dbf6857b9034e3499e885e09670520cf,1222732800,5
10e79c19ee049acdefa5af21b9ba9604,2077b61a72df4a1a40d29dc6efd08a45,1226880000,5
f12980e7aa1969c0f1a61fdb5250a5bb,a86a3f80128fd8335e3a6a042c1a3257,1219449600,3
e3ec59ca7708567c7b27eb9914ff281b,9df6baa9b40e44fd18b9854593d61134,1240531200,5
a7b5081b7a4d9be7a3fb34144c0f182f,dbb73dc9bba74567a9e4605131c8ada3,1302480000,1
dc436a4e41aeb55112f385497508345d,9246c078afcf041c87614825e8ffb6b8,1337472000,4
115011bb0fca36acc8a7acd44611c5d2,a02de612554950e36af4327a5b15d031,1338508800,5
8b0984c1cdd93adaa06315e2c5fb826a,a30a948cb2461417de384b8f12723f14,1320364800,4
82a477f8f7099a85da54acd9b44329e9,8636480bf5479bd0729a495eab8c0692,1340755200,5
862e565eda436265c2b250dffe97692e,a3c672ffac2e6139211c80e40de85f93,1131840000,5
adf850a162a3818bd6db5f02009ceb82,c7cdeceded1d2791a973b38ba37141f5,990835200,5
64e6a5b4340b16b2790e749bae68b69e,2402d4fb4a8c8df9cbcecf4d08e66be3,1119657600,5
64e12947befdb18b29950adf2a92e255,a0be2540f172b722d423a4b0d8788d76,1230854400,2
697b68ad304560c69dc041b4677cbb35,a0265a19a78ec275689bc35335d64f6e,970963200,4
ba9ddc3b3d9cadc51a5dab5aa5c1aca6,3f7338073f6f35f78ce6796d841b11c5,1124236800,5
eab189a3cce109cafd24759dcfd6328e,5984df4614e9d191e110b727950f21c9,1312243200,5
5c5cd68389cebd7ed1036396beb99fe9,d2ce1ea72cbe5858fc136d42a64c12fc,1330819200,5
c2d526a8cfd6995274ffc6edecf99641,e298c5362a8468d980d41adf52a5d69d,1168387200,5
70fb0c63b15e1a466faf8bdfb138f4b6,f897d156aa85bd5b35a2fae201343777,1178496000,5
9d61999206c1972127b6ceee0771f6f2,8824e4e8b0c442361d69bbc744aa57b8,1241481600,4
66612e3e7bdc4b34e88ae7bb0824af14,d1873e1eb3e40169b9011d9d71ea73a9,912816000,5
67a6385a009f38d8d321e4b47fca4ce4,644baf43e108b55d4c2cac956ad11b0d,1246406400,3
ab4b4ca8786b7bf8a2cbb9e752b63501,9b798cb9985e96c9beac32cad59b4d89,970704000,5
163b8f28738efcb8ed605aebee4e0dd1,839b225bde47a143b071b0b5bc91c11e,1192752000,5
3956aeff59d22a66a26cb9002ef1149f,a10828160f2e2137a231bc9e203f5444,1286409600,5
729e578d9ee339cef38e46cfd14b7401,fa24e4bd554ecaeb34b1472aed2138b8,1257379200,1
72f9394b932020dee91ef74bf1e739f8,ce9551f3edd405f6c1d350792da6ad2d,961545600,5
de85ae3f8704e18a82f9e12c294a5a73,138e03263a2c93ebbadd2f4fed2b8f61,1165190400,5
e6e467c50a4e7e80fe415a746317f9e8,6097f7819ff1d4c82b231c8fbfac9bb1,1106611200,1
223372dd6a578dedc0916b63d7bd5729,29549f989edde577d3cccefa65401a3a,1101686400,5
278ddba7df548f03217036a4178e27fb,683bdea698deec4ca8abb38359962f19,1268179200,4
1176647d5c343f1f35dd553af0bfea94,fbe16bb72d5b0d0b331457b4eb22d078,1035244800,5
028d568bb2ff6cf7f31e2d5a01851ba7,d45aefd7c1a08a5fbb149c019dbe12ea,1109203200,4
4d45a94713fded260e31b746316300a3,43b0cc7d299c9199410e266968a5b8a0,1118016000,5
a0d703f8789628d608ba616bfc81980d,0385fc6c1f7321f2efa87ace59cbd234,1235174400,5
3ed11b0233955b6b486664a33853e17b,ccb0127f90a31c2a1c09be055633d354,949795200,5
e95da2dda0d8201afad90dbe22b85095,800b68392f7473285e67826a6e103d77,1300406400,5
40dc9c7fdcb1deab2680c837b9a70249,1c720fef7c9cb087c89d84f0576575f8,1258934400,5
e7b6f523824b0e08cccc7a442d7edfc3,3b2003092ed39c5f4498bd5f2e5cd306,1343520000,2
358898d00674197f925f44fb46b08e01,ed3271988f23ad8f39d4ab9c33e5a8d8,1012003200,5
a1a7f244a321a4fb4d2c4ef8fda6793d,b7396134dbb8bdf34aae86086b2ddf5a,1234483200,4
b56f58bf4e3bfc23f4d030a91a3c8d44,21a0f81f9152bd4b649c5562a57d426f,1046649600,5
c106b0cc8e45ffa7fe2788bd627f8894,75eb39f919b77266f0cc162365ac13ee,1170720000,5
1406ec8b40657d8d128b2bde88d494a3,864a89df9264733b828b5f7844448f67,1090627200,5
b4ad398841bbfb64cc88e42175dc1395,cc85d87b1d034b99766f955a146df494,1248220800,5
eb4f505746925741fdc4d1e972b347af,1c8d1323d7f419fea051ca32c24170c9,1073865600,5
7f168d879c336a1fc588e2690bd7d42e,0689143ff34d7611a9c2723b79a519b1,981417600,4
a2210b36fbc759aa5cc58a63c54472f9,1ff7df861d9a43286050ca88c19890d4,1074038400,5
5c1bbe8e5cc2aa8400c6cd4569522b86,7927dff8cc3bf2e096f9bb58c2fcce9b,1043798400,5
06203b6f34b3ecfefc7e2dce1aa54ae8,dac2fb17b4b2bd06166ec6327501e177,1016236800,4
0b7ad20f7fc4ff3c345b25db6c05674f,61d6057481716e048c01955cd5239064,951350400,5
b8e350882dfb7844fbcbbe521bcaa980,642abda570205c0e19ddf15da3779a45,1135728000,5
d3a9d88197a37f0faca88ec7bebd102d,abc42fa3b45a8a4d7534f38dd7046e19,1009411200,5
97eda8e498134ba297f888053cebd19d,340a0619ab5ab41dbc2296b530ce8baf,1219449600,5
43093a268ce5afbc4d5762ae81c2a3c9,c46d897bb161041bb09c697b4839dbd2,1093305600,5
144d2fb1a0a08a4b67f2b77890a2c7e6,2a90f14f2e0c87779f044f65ade62a20,1332720000,1
660e2121e579bcba72d401617a511a09,15ab5a41b577e0c4650ad87a983eae8f,1190246400,3
cddf0c937cf4de0ae878571ade8ecb0a,590eeaa6226d971cab7e6ee54ee0cabb,1138233600,1
a29231266b00bd88035cbfff6f6401b5,e83b9c90ac0e81f244a141661b144219,1339372800,3
f5ed98d25744120426ed861ab383a8f7,f002e01b86730142cd5e5dfd443fc8ac,998179200,5
12c623100c30ddbe35a2456c1ce9c45b,c223c794958325779c924d74ce9d6562,1210032000,4
cce57c03532d62efcd120df68ddfd8c4,f4e1cbd1920076f76c684cea57747652,1100044800,5
b0a5e2e54210f43e19f0048e1760d48b,fb28069ac40e8dd0351ec65a18a18c8c,1154822400,5
f5377e7b7680388f0209c9efdbef861f,b63b41b5a00e38645e5a080ad2067b92,1330732800,3
4d8303de7bebe55f2ff8c32aa835a141,e84504e3423b77721843e1e5521dca3f,1212192000,5
c5cbf68c2ecbd6691064dcc6c1a25017,10a0618cc9038db5d158caef7625ce13,1343001600,5
79d20f5046b0614e2dfdfb67a9401822,d70f15a911b8384b7a2711d7feeb7644,1302652800,5
533d06d03232f3e127b7bb00783f6122,1df114deb4a0e85d3d31c19633d3809f,1168905600,5
9196e7d1a093d1816b33888cc07f2905,b49afa86a5f7de2732bca470f1b1e189,1036281600,4
8db39c5f6558e83514c76df4d8ee724d,8dd9439cb84749a12f64e34b2f04b937,1345939200,5
2cc814092aa4a0154d6bd60d135e1aee,7b54c588cf0519735ef96c44a7977e48,1347321600,5
432317946ba18c14b89174f060e62d0d,5ba2b647ed9235b57e0b158bc51cbc47,1120694400,5
32e358b12be6c639efd5bd51698c5ff9,5205775f65a9f813ece7f13ee6e03873,959644800,5
f5e5f2b55a5d3786fb4e53ed72ae5058,7d783ac23b4d9b51e81bfe4529a3ee24,1140480000,4
adf942beb691fc7345a26ae573bbcb2f,ac2257efa00a9c30b722d6607ddad958,1331510400,3
6847b8596f4fbf9ca50f2f9147f3375b,c2d96090e7bb24316cf44363cc2f466b,1162598400,5
9886f67ac10f5db15f87f0baa24474f9,8d2a5fa2e9fa2e6155ea490ce27789eb,1126569600,4
c5826e8b3ab2f394178426766f62879f,d392dccd90d4e792839d9a405c0442fc,1306800000,4
4ddf2bfd935420b664ccd162b39e2ca6,a804a3ffbfb33a3aefe61ac60f52a209,1040342400,4
96298516408fc51af6da09d1870a5bf5,003ed58bbb073e117847fc8f0d3b824d,1237334400,5
7c0a360d3b17e1bdef9ae2ed37ed64fe,582f3ec299f653cbfe94408addc28a8a,1306281600,4
181e13d8e705ff5fa01c269db377b6bc,215e16c759a9c423696be3e04e1423ed,1021248000,4
fb2b0f7a662283a72e4ab4b4439d1c1d,96e14b894ccd8e41168464489bcda648,993513600,5
13d0d91b7d8549b93efba6628c3f06eb,aea0fca315bc0e5f0677486dae1453a6,1264118400,5
a389faf23ba04c72b3938a95955f0a2a,f96655010c2229e74d4d283b656059d0,1249603200,5
b25f9c9cb40c414298bb7979445bcb41,cd273ca384f6a7f34e9ef744d8fbcfca,1300838400,4
bed793c07ed1341c7617ffd7a31f2084,7af9aff0bdfc3ab7cf0ba089bc7920df,1069286400,4
4c37e9d7dba5bd779b48dc7aa2172659,bcfd0c91d85f690a920614b5a97a6356,1337644800,5
ecc331db4a549aeb6fcac1ecab947725,25cca104b528837fee447375ea92a54c,1069718400,5
4d2c86e5276b1c0b2a0b4d30cf60b45f,4030950263cedeec1cba0eaa3f68a86e,1070150400,4
a82a4ec4f58c457b3d36a223e20056be,3f3ea37dbfc59a064bfdfb26d7e02d05,1325116800,1
3aa7760b91af2870a705e5f165c71fdf,444bdd6004926bbdfabfbd40a3e8431b,1167782400,5
75ba23582e41732a9d7641a08462f960,49b5e7dcf2b0d77f30d792d1d8f34f94,1301788800,1
f63b353c6d307b47c380fba721f6b505,cf6798dacfaa1d0ea09531a387270a1a,1226534400,4
a292c683680fadaf5ea5c937c79d1c71,1b170f9bfe50dc07e095b94a42eae706,1242864000,5
0db10f22b7141571995e42a31681806e,ef20c3d4b87ac3bd93520b5631b88ac6,1167868800,3
ad26d7cbfacfa171412f9208638588c9,0d3e5f02b722f58c3427f2f47f843064,1141776000,5
354357c2d90acf9aad744ca9911878f2,7752a308a2af32e9294a63548a3a96fb,1083715200,5
0fd2bfc15890084b2f86f251a34820a0,9bfc8227a701245704f9bb1fbec4a9aa,1141603200,3
1d3566b798b712abcaf28e51ad66b2c4,b3bf88274aeb294ee8d322163e406323,1178064000,3
6f4605ac584fd2909972dd7feb667e46,a35cf5a890aeef2cc7377f12a5ede7cc,1325376000,5
a90b25d4f4adefdcaed9a49c72eb9d9d,0558478a5d6951c5cb242dd0571766f5,993081600,5
aa7c2ff2fb67ee12bb0b44706d5e4a2a,47be942d4ebaa0a32d92bf8690473d4a,1115164800,5
1f5f6a3bd4e65b8da0a4b0071b33ae82,2ff4bcf0b1135051f6830d14361c3a11,1323648000,4
3a03878902712f91711b2cc7324b02f7,41de139408150d4087a84e99b1b69c8f,1323216000,5
6c2fea5886b5565d0b77f0ba76779a2c,257e4b3e440c959a30991a260179e85e,1143849600,4
5421a3b2a8f0e96aad4adb997c60ed67,88bdc39caab10b1a0e6eddf01f7daed0,1102550400,4
fa07f747f777a3725ea3ad0884447bab,23469a1085b1ab9606f0f2fd398082a5,1214524800,1
307b54dd39134b0a4c5b3d8c4237702d,c3ca078ab8f6144b425f2e05f3f8abae,1265932800,3
1fed1e65c2055c587214d61fc943d686,6bdb5e9700472eeff0f6e51267549c80,1135814400,5
02a29029497f721cea5e8c935aae9204,2d65cdf1c65ae7c1b9bb837b975641f8,1179187200,5
1742aafa657c80777db6ae400a341ffe,d1197412a20071222561de14f9b4b334,1183939200,5
b75ac546a1ff05cc9aaa43a07521f197,4bf70f3c2c24b7ccc21a14b180fb9a89,1187395200,4
c4ce2efe135aafa8c940ee737328cb42,9bf2b3a7dde0166576a48ce104ab7a54,1329264000,3
70cf558b429a0b5f7a2bc2456401e482,9bde74d2c2f9daf3d69ce24bbeece68d,1208649600,5
56c46e10d693293a48d7477288f2a46b,f8213e85ba28126d22ebdc76d38a7cc4,1319241600,3
9beeb7cf886492081299afaeabadac8d,15e2a1ed57dc7f244d2896e12182d575,1118361600,5
cdd081139b972fa3bd598806231ee17a,c8875ecb3c4a7559bbb8c4ef764c8190,1156896000,4
cd645632cfb4beaa0fdef0e1ce486c59,bfadf141feec5f20b9bab53b770ef5b5,1231027200,4
6056daa51fea68c1e673a16ed643d363,6905afe2cbd2f090df1e4c374cdc7ca3,1218326400,3
becdbe41431d04b648125e41c9bffe96,d748b92152e36a56f51925e4df4f5069,989971200,5
4b2303cc8ee8fb36df5433d47a566087,50346536236796f5eb46c70511fd088b,1338854400,5
a728ea9b3f72c951d65b06f2c3faac4b,e113deab89b829184a55772a5ce22536,1295222400,3
9bebfb6cf0dd850c3d3962216a0a9b68,40b8963f912790769affc6a60cbcabfd,1096848000,5
1ae1b0bc153f96cd7e9b7af2f26c0aa0,845e35702a7a06921189042adf0a51f3,1153872000,1
a3537a527dd5d7240afc6215447c5818,9dc21c8062edece7522beb6f884772a5,1217894400,5
bcc90fb103e35d6b65a9a6a75e3507bc,35de4b376ae963f230edb2b137dddf1e,1170720000,4
1aa9c7d10c516d418d6f4f58fede4150,5ec3ed9f0ec0961ae100dd5682452b81,1234224000,2
e5d609ddb2fc6dc0600dac479752a106,40d336aee7d0213ce487df23289e6125,1056931200,5
2e6e7fca21f6ee603c43f591adc6a7b0,907914bcdb84c3fe37d80564142e9e7e,1334275200,5
06cac6cffa766176b3526411f3f42a11,468eed8f210215f1e4d254e2a233b545,1227916800,3
edfccf89fa6106193e6f07a32d478ddd,f8e1431b404eb99d5f6c7a6fe6f6ad19,1318118400,5
e8d3f24c48ecbd60aeb70738dbad414f,cc15106be0166d11eb9c206a84f6db20,1206835200,5
744d0bebb052bd97b301dd3c7a4bd4ca,e5facf7f4eeb1a37a45383ddd791eb7e,1315785600,4
d6e1750c426864e3fdc67ca84b5f05f9,880cbf7d3bbd3fca4c9a9752606b4f96,1264982400,5
c32dab1d4106d873511648490cf4e146,d8da2d275c1181b01c3174b14c101644,1234396800,5
87dfe90f2efa1385148e647f0137db1d,205cf9adad8ee00709dcb50ba0b0e942,1194652800,4
2ec186d4ba839593f3fb07087268b46c,ff406a6885b48d404c216147e638ed0d,966038400,5
1e9a6fe0d4936f05df5e600fb98a0249,490477c6cdf97d246d36dc3530515416,1078358400,4
382c1a477122e18cc39b05c8a34671e4,5538aa2a68304db9d49eac9e059547f0,1239580800,5
f6886d8cae70286a3a8983d5a37df9da,563a4af2fd58f22badfce725e0079d51,1123804800,3
4ed92a3b5f2bf05ef67c02c05840841b,0b3570a13995976d20a2facd5018a011,1332201600,4
b7138f8b89eeb35d2a052056ffdb854f,4eaf75fd1c82842bcf92081d65fe424d,1086998400,1
f98a036e2689f60e7107838eb3384b36,c0a1568b91eb59277e6b9f52f06c323d,1011916800,5
bc20d2c027fe245e245a654cd635a3ae,debbe1fac0254590fe3d5f3689d34446,1273622400,5
8cf31c030037ca4c7e718e4244052933,2ce6844a52d5d3bd49bca0c720a3b5f0,1333324800,5
62cf1a9a9a9365794a5bbf9739c9a5ec,dce521a494c3d7545392d60dc7d6d187,1029110400,5
14eff0abecfda0723d2fed16d6b542f7,818c1934fe4392e70e2e25e6e0216403,1340150400,4
67c2580616b742d91eb492f0586f1538,af5c1570202414690d6d517b876c673f,1059004800,5
e57ec47b86cb7727e016ab816c2ebc7c,3721464439d710d56418628ae6f3c911,1227225600,5
e7a58fe443b9396737956d3ae78d7891,d2fb1146b3f058ddecd4893b6c526fd5,1265846400,2
2cb528de8db1f8a90061aecfbdf39b2f,1648649f323d6ece8bdabd21fce8e307,1082937600,5
a17426280937a8eb30213bb4efcb372c,0558478a5d6951c5cb242dd0571766f5,1022889600,5
9858781a84ed3fdb3618f2636df75a15,7b0fd7c9779c48a1380bb85ef419e552,1033516800,4
fae94cac7bfa80f34aa90be27a0a1afa,0892f71fe54a6c1723a5cfd6c408b4c8,972172800,3
49bbc0e827c6d38c58e9f0201a9433a3,ac2320214f4e016053e7b17dd3497151,1341100800,5
c83c9f66d571d3c1e5d1039403686f66,69e3053f363fd15bdd5d1caad9cc6e4f,949708800,4
5860e058fedfc2f8f599486e18d44407,093cc4d7376a558e019fb2309d591a92,1323907200,4
70fe20a12288c4143c7e2bcc5e52a71b,7650aa2324fb12b13d2ff1a144f35ca8,1318032000,5
23dcabeca7188a28e26441f64feb1ce8,02ae4b3086393a2e7ec94a3673820d4b,1310688000,4
59508e45b6287008cf17f99098daf2ca,bf146f19969971e3afe2f068894aefc6,1156464000,3
4ace5270474d7bfe9b042b0647ad798e,4b8149572f1d7277b131cfc61f96a07a,1205107200,5
b60a2328b82c73b151e43abef0c31cff,202bbb708a5a9026837f16a05ce206eb,1090627200,5
3573c1075cd5996c7cf664edfc071ff9,1f7eaa41b514a416d94baf61ddc3e77f,1079395200,2
5b34a3ccb2f535ffd492480e479cb049,312114c194c53ae8229392506e10b704,1237161600,4
55b272ec1b0aa8ccdbf614dae0d31984,dfd0331eb55af379c146285923af7ef7,958348800,5
47f07a33ae47000962305ea822769a85,debdca4f8cd46ed1be9b740081935128,1120435200,5
4b24eafaed52091bdbaebb6d5332ea31,f7218175cb387197407866141ba3bdac,1218499200,3
1c5cf5f27e149df6e5cca53026c21bb2,c0ecc345e7b8069cbcef4a7a533e0a16,1246147200,5
a75a11a3eea7e990126bdb63bbb1c06e,aa6a8348a96ee4a5bc4389458e9433c4,1210896000,4
c242292f7349d42c56039ed6018dc110,05469034f342a83d64242b9cda490b92,1342828800,5
5ab76d5b351300644956ce2d08c6f8d2,475c4cf23530ee33addf10ae3492364f,1156118400,5
df29d77fea7690a8c220844701bf0f1f,9c4e2de3ac542993d08bc1e8452bc7a2,1192233600,5
353e35e84268e3d89a455dbb18b41e9a,57db30854c2d13e1b6faed0045c6d961,1129420800,4
d5a05d2e69232a089e1a7d5d03c3a7ed,80661d9254cb809a6dbdc8bbe91d92a3,1340755200,5
9eb1e4fca0abf2090142f6168120e5c4,ee665239ffee07d45fe36b16baebbb34,1263945600,3
0ff08017a0eb8fc0004086423b4c3cdc,24971fb9602be3d60589f821f558c768,1189728000,5
72616aa97b25888333e57eed7c2812b3,742553fc66e6315d5e1f385dafe2dbc8,1046131200,3
331d7727397d7ae39509f21cf67e83b2,02627b18e87faab78f6175d7184f5b8f,1224633600,4
18180a89f2f5298f99bc60348e8836d5,cd2bee478a21d54d6e0e9896070881d6,1085529600,4
d5da59089627961afef32a9830c151d7,6e43f055ae97bfcce507ca3d911e58bd,1307923200,3
102d0c57bcd04bd2b5cc85d76f52d931,e261a101cf612f7c926034373b8724c9,1131321600,2
2d454bc704efb4ea87660089b239b380,7f1e0b142133b4d9ba319532cf733996,1179964800,5
9039f3a25f2667557ed5f3b6119a72a7,00db8a2bded15a7bbc55625c984c420b,1195430400,5
c0d342ba545288efbd7006f4182b9b48,18c910a47ed94321b36a3d8fa175e7ff,1207526400,5
ec7a736fcfd2a1c1542ac3d9304578d7,4da8642207891dd2bb078b35f6a8c73b,1318204800,5
d5a0f7421e276ea27585b13c0f27360f,bb2ba77ff238b8332082a4dad24155b3,1347148800,4
cd3d907d60dc58ee23464fef176cec35,da2d70e46a29ca5e7691c97c02f5aa3d,1199318400,4
e60e6a08ec052abd7bbcbb2510a7fd85,2e932ec95c59a8432f7005c06360975e,1089676800,2
e26602da90c64ff86bfc37a33bbc466b,0f27f39aba7f595d9ff3ca95153a0605,1185408000,5
04e55bb11dba26420514df64394225a3,3b67bd242bf215030d2faf7bb7e0d3ea,929145600,5
86f21b95335d7f64022ce9f15f8ed82a,9d029279560e8d29135662208c52417b,1252540800,4
5c8f83b630bdf22c201cd4f311d06d85,12ffbc7a3eb545734d9d52c26f334056,1326931200,4
c7356eaa66d028307b1536ae4220137e,858bb18a032ad7820b7adb8f20b664dd,1252627200,3
e17f7ae33383f3be292f51af024bdcbd,39767a522036bd4f53baf941842d78fe,1129334400,5
93560b7354be2f5f6eb59e5035826e02,3c446d2e00de046b5235a10b2e925543,1256083200,5
139f8547c1854e84507e336df31e5de3,5ebbab6bbf00a2cf080527bcf54e8359,1247184000,4
637ba99ecac8e234b3bff3becbfacd0d,87ee5977776b3660a2830fe9ffb92efc,1223078400,4
153bdc39a31c21cc00e1b3d1eac5806e,859bde234d9634efa79e1ed0686641b7,1209081600,5
e89d31920164da8f4c855ed32c767c1a,5b86b67fce0c56897657652b14cc5578,1260057600,5
6cd0cef98c65f6d95e1b03a3261750f4,eb4d864a12f44fe5171e327b5432e1ef,1271116800,5
4f874683f27d63eeb1ab9cd74846009b,092fd577bc1060f39ba8c476416456e0,1337731200,5
4fd14313f27aa81cb2328a34e8b3fd98,ae85f5fe2baf7137d9e1d63207d4ba69,959990400,5
b00b6bcec21121b39081c4134aef629e,33191419ddcf4b718932a77f9d4b85c3,1015632000,5
3ce09d368969e30a30580b9ed477e25d,39a4e18b4c9a0faa01538a8610f62bd4,1025308800,1
68ebd13ceb780e8a9c8bb784a3d1ee04,f7a87b99c4adaffab0d92273ce21c256,1203206400,5
6d44f183aa94a0314864b2d49ed23567,ee06c50949b8f06439cc7802f154ad11,1069632000,4
0b700b01f2a380a1709fc50766a845c8,3c74f2be60e349cece2c32766b724ea3,1151280000,5
5fbd6d55075947148a6f16b3ff289ad4,fc7bedec95654fe760f0e7bc2f5365e3,961459200,5
9057c56370a32b4d8d698279767b70c8,24e699e355fa81d353df579e76d14d33,1180137600,2
577657c29852d6ac37bc6394e5c9773d,c76d68e334be77f3e0d52df487c7b253,1128643200,1
30346225645b4ece59ebe21a6668f659,51f4d494390e0f00d6f7b68ee94c0b2d,1188691200,5
07e3e34c25ff863fe42b871c2e0352de,878d54cab554e28fe8393a98eb10bf8d,1262908800,5
0870073c05261fbd3009e35570a4fdae,f56b1fa6dae1702d7e122a395b18133f,1191542400,4
08279380fba0c507b3825c317f2ba170,7d56d15fd483714376c66357dae0712e,1231891200,4
eb1ceb271dcbb2306ce8ff7545fb61bb,43667470029ab5c28491113276797aa6,1323561600,5
b2a11e8523ebb6457ae535f6ae007ee7,e220309e3bebe78f8f575840b4b00b4f,1289001600,5
3b9d0f06ad81dd63e805ab275611ab1a,cbf3635399bef2c2f0da0e28e7e5d0d5,1152748800,5
0d09a7b1c4f92656d29d06fde857462f,cdc9b6286a3a5ed5b44833955ed78505,1295568000,5
da295271d49e84141ea49374001c0fc9,7d18cb2a98f83a235e415050d9ac54d8,974764800,4
231d5ed74f1a72dfd63f32b1618f26aa,e5abde380812d34e2c14588eb3cde331,1262563200,5
853739a6021861e1d164bb5d4fb0f19a,35b553a44b1de9aa67b8c4efa1db2a33,1329264000,5
788d044e5f47e18ac64ecbcaf710e609,4719562af0191b813407232cf54324cc,1093824000,5
cc2a827a582f6c782b9e9f9f58b2b9c9,65e6e1352820f2bb379c65f285958179,1317081600,4
1bb230d1939298d74a17071b890597f7,5c52ebc068776ad4c10d9cc69f011db7,1230940800,5
9a18861b9192213c5589e4fe6e29c810,e5b5dc5d49561c88b4d43b93a4b81744,1187654400,4
5d05cb3fe4af61717055670098daae56,2a63498e459f7a5820da2d348e16774a,1039910400,5
c14532c7e7c2de2615c4763ffb1879ea,58b8848fad90b4e88a5aa9b00bec94b0,1213920000,1
45a8059a69d88412ce9e05d1dd889beb,7e9ee0877b76224f0addd681801de3fd,1078272000,3
d207f05472c21a78e610e6b9361573a3,16c7dd47927290bbebdfb422dd9cbcdb,1187827200,4
39ffbb8d191009a61a84cd5f52362bfa,49cc6a833913aedcd800d9c701b5223b,1330560000,4
e5dfb114c4ae79306e3cb0f30e76ca79,f246e1d4ff16010bd88e0540c368641b,1095033600,3
290a932bacacb0c152e0eaa59fc00d91,faea74ace2dc454b0bf2b553f25cd937,1208304000,4
b9c53c22ad5ebdc34e1bd798d84ed7bd,74046d80849f01ea9506fc9c96d5046d,1263945600,5
25ad472b102f871e4f5cb1a1c8fa7e48,4866092d09d044c2f6b979d6abff53f3,1311811200,5
1b13f274e0c3969b5072c0d057df2aa6,9bde74d2c2f9daf3d69ce24bbeece68d,1098489600,4
5a02807a4be3af71d8ff854cbf6a7355,ae719206b32c00f22495c50d8646d53e,1003017600,4
932ffb5ee258b2c92ddc260fb99000e0,598702ba7b34fe8bbafed65678c62a07,1047081600,5
11116b0597dbc81885820a048af29513,735f5ad22b2497d9f9d92798109ca71d,1255824000,5
046219cabeb597aeb67692206e3bba45,38b7935fe2362dda3b4559ad3b8ebe83,1260489600,5
2b26e2257b90e3eb3f8e6ef1a67b5fb5,a2d227b0d7c09a0604b1c0564275d889,1130457600,5
e1ce78175497722bf1fea82e1a527305,77be558f3c29dfec77cd13192d4b010f,1350691200,4
5a1c72299d110c8afd0ffc352ffa7a44,8be5602a7d4d21b6c1455b750d8b7205,935712000,5
5e5f1c4dda53359c9e0c84d575f34425,7482831e6570943ace980f15444d3916,1223856000,5
2497378ea5218ecc98dc12e75bb2b4bf,e5b3792bc99e39b908f867bd8222c41b,1231545600,5
0fa3338f3e0f12b77abaa447c6ccdcc4,41267d62688dbec311d2c59e0cd205a5,1231286400,4
9f019d5ac0e7fa28f81bac4470a690fe,cfbb7376e098f4632b0c24add48193a6,1260057600,3
eed716fc751f21834cd15a46f9465c52,5d765efca99baa0e010243abb08ae21c,1199318400,5
e2d884c031ce685c73203cbc8456b190,5fe55ff8299c243e5feb6a2c56da06de,1163894400,1
6c0d5c8f88b113b338c97e335e3cced7,080cc3433fa763aaeab9ccb5506ecf90,1145491200,5
a83756a73f1fe0e6b5fe1304965a118e,e34d2655e687314addda93d47f63803a,948326400,5
8f7f691127da4a338294eb6ecac52f04,7a16a2e95665674e4a5be4907f25a75b,1198886400,5
54466a221de121518c7495802648244c,2695122dbcce491acd6edfb722213787,1290729600,4
2daa26865ea7b7a794d86691faadfffe,bb32ed71b7ea82b9b3d5f7c0b3ca0d3b,1123891200,5
fb1725eda778bb4f5a57edfff6d3f91d,ebeb1e5eecb77e59edbb122d6b1e62c8,1219968000,4
8f99d620d4c97f01569214f5bdaa3ce2,6bc407d41345e5a62a5d96767a784c08,1173312000,5
57911231a2586d1b0fbf6766a446a71b,698a7077ea5e9f67f1e67f9a6ede7b76,1118707200,5
42e803811f0037de914718e6029d1707,e75fae403241ed6a9bfb97550eb4ea46,1333152000,3
7bfaf890c6f7599cc7e850ff4da8eb2f,55aa68bfee1663492a25d1a7a2f98279,1169164800,5
5a44277c9b67d55a6e9b812689fcae06,e04a1338752aadbe586e699ad76d60e8,1316736000,5
e53890bbb5d4b8140b077baa72fa479e,daf11761211bb25c403cd1552d17b9e2,1249171200,1
c175b7f3e4c5e5fe6712d1863564c017,4ba54d9585eb7fecdf33462e92d384d2,1301011200,3
138d5c6b6b8dbab616009d5aca7bbc0a,35d2446fb78d33184fd068eb8dd3f4f8,1263859200,5
7473238d7f964a68a4cf1d4b09789ebf,a97bf1e310b0f96c37b831a6df7653cb,1293580800,4
8fc59b8fe48467c9c4c3917c45b11e3e,3f3fc2c7f122aae4b9d47fae2a2a1bd9,1090195200,2
4f07d74b4f3a2642e48f46d0f6555489,6df091a10301f606a0275771d417437c,1158105600,4
c17107122e54963109e336b3a8623d03,beaa1666e47d1178b3e5ed5e0bee9e68,1258675200,5
305c2f8510071a2aed31f7bd92be6c4d,390dd1888e3c61a475f4282df93b7969,1345939200,5
8cbf9f15206107c19cf7315a70666034,833cd3c39c4a31af1c61b3a6694752f0,1314835200,4
ea2953d914fdd7f9901f6a4c2be06601,0bb5610466aacc55f5a8f8d6309ab774,977184000,2
67df3e524f7a328fc8843e9efa8be98b,ca0f586508d6610b9b9f959b242a894c,1281225600,5
676bf4b14a53e76811fe3cfb76cc3bc6,e298c5362a8468d980d41adf52a5d69d,1330560000,5
68bd30c388c8947d3e82f990ab485ad7,95c5787f124602c1e40e17e946ec00d2,1346976000,5
3dad7df9d1a4cced61e1b6fb71009afe,80fbb4de434cf06d45389617d7e29ec0,1268092800,4
f6fc2951e0c460795289d93d5ffb6ac9,c5d94c22fbd26a02646eacb077c95f05,1141171200,3
cbb5849ea087a34229dfc0d9e2b4aab6,8bd9271523b18a005f601c76fa79b985,1036022400,5
d9ba2e479c2b8c66b9e9dc7416342581,b1487c4b353c73bd9eafd21c8ac089df,1340582400,5
ef9b7b12589c3c7ed50afe4ecc9be669,9da357485febcb3175e8a83ef558a3ff,1192060800,4
b373cdfce55cbf8ff567f80eb9aeced3,47e3d9240893e79b022fe380868ef70b,1301443200,5
828e48f7cd8180516c2b1f6dcf2eccd9,b83c23f48ce71a4f0fbdb865eec5c36e,925171200,4
4aa6690056e38876a4de0a60be4b7a59,692d58d59f546ba5b04b60fa3ec91693,1349049600,4
b5967ff5bd2a35b31dd7e61b563a5ce3,949e198abf6a29a06229fbb027cf3261,1314230400,5
256ec359210eab843070da60d8082be2,52a8bdebb2058d1eb3c3b46a873a98c3,982540800,5
7281eabf98d9ea14fa27c898cf22f938,599724d5839dc3ffc65e3b6e0e66e67c,1050019200,3
4668b6f7e049958e4c0c360b454c08b8,2bc12759c92f642374e127e50cea3bea,1235606400,4
315e0e1c22bfd00ac405c4c5510feb0f,943a4bd96adeb0bf354e4749cd936f37,1137801600,5
a852a4acdfd92b3b428b096d8bfcbe31,6a73a6c53d870e2b8ce253367c12d643,1088553600,5
e9894864d500a7251587b0ef57fe04af,f639e03e3b712b09c6a6cd35aeddb821,1018396800,3
faa737fbb262c3dec217b17fcdfa71ac,5027b63b3e7222afa56ad6e90aa888af,1153440000,3
ed853c7a7a1007b4d5011901370ea220,0174090fc0868c580cdacd21e042fc44,1214179200,5
569059b7fc1c2019af3a54ef210af244,55a5be27a7d44f410a50ec2e3593ddda,1059436800,1
8ffd6b7ad9aeb7beb997ddcd84875c9b,e26c2a69e971d92a936025ab090fe244,1225584000,5
ba128e5eb71dc5c62a5990ddc2f8f963,18825b91b5a9760fe7a79b4138bd0f02,1297987200,1
b961153589d1449ec2bc5d1a80533c77,728d57dbdeca0c83ada5f1234d031b20,1112227200,5
b1cf8e66505c152d1a29cb3b65790e7c,2e4bc1dd08b48ed12dba58d71b59893c,1175990400,1
f93b4071e099c40e59081f1c1056b215,6db39a4255da2512a7130b21f56d93ca,1346803200,4
7373cb1ca9cac352d152daa280a8384a,63ae7fe3d24847c8b59f50f17e4eac8e,1064793600,5
c5560dc007d8cabdda7347fd9e59218e,a33a2cb3cdc30f1b270df9dbef6a6fbf,964828800,5
a52e665a6d3efc46c412456491cba55c,59bc9f66267383520e0f08dd3a96ce61,1145491200,5
50681086e5ecf7d70c7838ed17716136,e5328ce5fc8a6af3a658c19bc059e1e8,1264636800,5
31ee94d571463f20ec6d33c433519242,db19ef9dce3f8e7772ea19b880c16e6c,1232755200,4
577657c29852d6ac37bc6394e5c9773d,f4138a4e2e3ba697055f4844b7fb8e27,1221955200,5
2290cc12b6b74f70af35dabbfd2f4027,b26af9b798dab64c6ed86b642bb4fa17,1221091200,5
1f4c7c7916a1719689f23e7cadc0a4ff,988a6e1324769334fab012f7b8eb99ed,961977600,5
e5cc3ca202630be25356b457f9c00c96,5027b63b3e7222afa56ad6e90aa888af,1152489600,1
750037866e1a018e9b915d5fcfa4bc7b,d83df4b7f8a48d321b109bb54c9eecc2,1064793600,2
44bef4d6b85fac054ede50ee5f2c1022,23ccaf079528584ca362666d63ad7194,1320710400,3
47c1086af9bb0cb14e1226a7fda976f8,0126942486cc83c970e04458d8583dc4,1224028800,5
070381d570aa3e2b4e46b6d77123b05c,d5d51288e68630dbeea2c5e3f257dd4b,943660800,5
518ee59532b72c0ca599cd9ec9e34fb1,4bb0b6a666803386109daff0606d54a2,1002758400,5
e5ad8492b33fe944e6cad57f45124634,5cf9571596fc860eb4f1fd0ca1e296d7,1338249600,5
30e48509750cf6995ca932d2464a9f0d,cf83f275d941a16376f35b62cdcba1ea,1311033600,5
15f0493497a70dd0d447162a886ae9b8,42933aad990b7f5856b17aa5f87de3ab,979776000,5
f85cedd4d36aa9b705f03653b505cfee,6c2c1b9962adcd88de69ac60548f0cdd,1133222400,5
ddc1ad5594b8ee7eddc90f39902aa113,9ed50df0ffac5a0fb2f41716339c6a7b,1018224000,4
cf30d3e27021c6bff18b68a8620ec0a9,4731f90625adf560f9027c0d8e0418b4,1271289600,1
866cc08bd222060fb97c98ddc16bcb83,b6de3d4dba561ffaa4d63b60ce3992d0,1148169600,5
895b75e4ea5900cc738f6d5236229c3e,862ff1ce50411ae5204c82131d1be58b,1330041600,5
5d7d59eced165b24bbdbfd603a618b35,7784f35149db02490558a757295f4b8c,1313539200,4
3c9ce2ce13d60375f0434810e436fd6c,367c12c839f3046367a2725f772fff0d,1184889600,4
d185e64c3847a0004e5b6d84332f1ec0,cd151b170f7a907c88e924e7fa7e63f3,1168560000,3
c12a6026b36c1cdd48a1d64d2c0b6ce3,89ba9ce69b81568aa3a97fad26862a9f,1050451200,5
7630c7bf46a67aec6fa550c2b1c5c6a0,e02d2dbfefd5116a5e20012cc73ad5c6,1012176000,2
e016bebdcb9de096668b62ea15f0eccc,85f1baf021b31c39bb067c8fc30e9c84,1128729600,5
440a182fe8187d285629cb771b16636e,dd1d0a648757fece00301e965835837c,1328572800,4
c0cdfdf2af034a18826b24c87333c9df,146a206a706027b82c64876d1b0d1fa7,1168473600,5
4889c3b2830003912300655243390f92,fa7062c05117af10203ec3640507e2bb,1284076800,4
a566e4bf6dd3c917320ad7206eecbcd0,4f759e5123d2ef60ae3cbd4be3056382,1271289600,4
70baba0e7ae0469cc49e095c3dd22abc,79bc90f3eccb14ed7cbc9b11dda3cfc9,1140220800,5
b4d0264341657f481196808078c626c8,1a27c11436dac1ab75c90ba89f099f3e,1246492800,4
5c78ba2bad13f7499f5efb7acebafd5d,a7bae099874a7748764b6c13618cf036,1129593600,1
15c697f91ec0a9e553cdc62574483944,2338e39e41f3710b99fbaa86f3b150bc,1295481600,5
8ab57652a3b88057d6249187227f1a99,fac336473ad2d736873d2994c600d4be,1320019200,5
518f042fdc88148abeb5bb77663a729b,59acd98853ef37728e2a22ce3797533e,1348876800,1
2c3b71500d435ed5ef56ca1d64beeb28,0a256a4f0cfb43ad0684c73b4b7d43ad,1319673600,5
ab322a4d900f7c41b9097f10301f1a04,e6bae01254722fbed6c2c6e1225190c0,1330646400,5
99a628f094d63b8f5478bf6e81cdc695,3227eea047c953d6a03b4df971c37fd1,1251331200,5
68835843122cedfdd3986be2d25f4e62,5b170e6ec09986f29801450ab6eb1f23,1140739200,5
0bdfb77fb6b2554491e77f66f6dd0613,a7400afd0fb46fc4aa1cf66b2df9483c,1261958400,5
57f54bbdd09ae359edb6d4dafd4a9bc9,1ea63932368ae103f724e7edb6d75424,1204070400,3
adc6f0e9f0afdf4df28d25448d914833,b230d8f8b9d5b9dcdfeb247fd58b2ea2,1200009600,5
28f4fdae45d4599e4d3960b3b62465c7,9f705190993380b27e451521e9026268,1158105600,5
f4a7d4ea47340a5cc956c7a6a7202f23,256987bbc5f5f25630eb3db892735ab2,1244592000,4
45d564535aa8c367f6637af517c3786d,5d5a105fbe2e18e4060b7d56004f35b1,1272499200,2
a09bdedf1e5c2d02ef324b42ebee60f6,709c6119aede9e64e989e325160c6a8d,1152489600,5
5490d649e36b55b963fcdabe4ed83308,ccdaa7c810d738820ca0046d9619f233,1097452800,5
2e45a94966ba9a1549ad5065734452aa,c0b10be3bf5565948d027a6a1887bbd9,1244160000,5
d747e63667a19ba772ccb1e1e4da397c,9dba83d6af979cc3b5031d61237973cb,1008288000,4
ffc7724e395b88e019907485c7447dae,93fb86cd8adc0a7977aac7c53bae23a8,1231286400,5
e09ab1dc0be989ae93d785bdbb036a00,3e00a55e16fc2070113b94760456b857,1153872000,1
4ef2287b71ae5ce902ca836afdf6869b,347f79abde8bd3f9e68b1e891ece5074,1303689600,4
7296a9d29a8cbe6da2bf3ed1c3d22e57,5f9d3d37647b62d7c3a6ff03bff4b850,1010448000,5
43bb2c3ca43f617c37f0359a1a93dcd9,90f52f91cfe0c7d8fc6da0660ebfbf61,1290643200,5
bcad914f481de66aa7285b1856279a0e,f7e01ac6e9c8ea24221e5508bd02edac,1172707200,5
6388886e1d32147228bdc2a3fa75071f,ceb73897b102f90215fa563ddc986c4e,1107648000,3
1f5ab8b3793089660523c89c218730b2,7962fe4b6261db478383603e061cde0e,1287619200,5
c4ef2cb27ebd7a2cd6ff2e9f9dff7e67,417fa01bc410c0a8a3469395fdb73cd8,1218240000,5
3e1f832fd4000ecf73965c92a1902d65,f7b32a1c2788e46eb54a0cd1290c8b6b,1338508800,2
f533183da0a11ecdc90700b5233bf045,0111854d0e522b5006299727cfe1ceab,1076630400,5
95ee6ee0073914ab2306b30c2c83f867,ff0442dde22f342f1c6799570fe4b5bc,1227398400,5
89090704c0626119a15ff287d01ee4bc,438f59a0de9cbe2176878ae9f40c3383,1085270400,5
678c50d15153352422610faa910c8101,2a66524f6a654474cd28823fe9c021ed,1132012800,5
2db1706e74697504693172354a99f081,2b0868933c3d7a143d25b191f6839968,1332288000,5
5a8ca37a69573fa5fc4e3f4a5a622e7b,9d867380cfd1a78117e34843dc964d73,1263254400,3
faf23b0d5a1d13eefba802bc8c974fb7,3dce6dca5ddb9a09867c8e3e4c320cbb,1148342400,5
000afa2a49b8178883af9ead568e8de1,5614ac84769a7d0f3ea11127dd90ffca,1248393600,4
bbc673ff1dfecf63e48553e7d3d2c683,80921562399a273f269cb7ee2d23fa32,1137628800,2
f4112fdabe46bf2f90300ee29e67c9d8,ce1c6833402882082c28cd333701386c,1325808000,5
eba1fdcf3f8d95463c276240df551c86,7d06013d0ca7f30a390b334b5bcfb990,1344038400,1
508ecfc78a1a8fbabbc4a65e57437b81,02c8fb236bef8bffd98b4061e303bfc6,1076025600,5
d8ecefb39b286ffa5c6c3347182d28fb,b9ef7ba075ca38b6dc11490d5790ed5c,1179619200,5
4781fcb00ae754316beec5e04f1b0f52,87a796d839ba93cce54c9f82f4ae77cf,1182038400,5
5e392edf7287ebb59c8149024bf2e9d5,aed32a8fe1892c86e214c1d9bca9cce9,1105056000,5
107935f93064d16da7f0b8e9252f0d7c,b8aff295115c3f41e82a848abab12ffb,1014508800,5
a9299c96354708e8ae3431888f33066b,15b3f2b4c0d4bd3f8165b9e17802046b,1182124800,1
fa7b10164b98b4c09e17368b6400b2ed,a05b59a527c4dcb9a5959ef0626723e4,1093737600,5
fec9194feba0e7293aa1c86aeab9279d,2f717320a6a1e661ed67eee966944585,1322265600,5
7d05bee0d89260a8cb85b9aac0376189,5d19a47202845cdc481e043b5133b7d5,1205625600,5
